team_id,gw,id,position,multiplier
1341730,1,363,1,1
1341730,1,255,2,1
1341730,1,457,3,1
1341730,1,259,4,1
1341730,1,239,5,1
1341730,1,390,6,1
1341730,1,4,7,2
1341730,1,500,8,1
1341730,1,117,9,1
1341730,1,377,10,1
1341730,1,506,11,1
1341730,1,35,12,0
1341730,1,461,13,0
1341730,1,322,14,0
1341730,1,76,15,0
1341730,2,363,1,1
1341730,2,255,2,1
1341730,2,457,3,1
1341730,2,259,4,1
1341730,2,239,5,1
1341730,2,500,6,1
1341730,2,4,7,2
1341730,2,390,8,1
1341730,2,117,9,1
1341730,2,377,10,1
1341730,2,506,11,1
1341730,2,35,12,0
1341730,2,322,13,0
1341730,2,76,14,0
1341730,2,461,15,0
1341730,3,363,1,1
1341730,3,255,2,1
1341730,3,457,3,1
1341730,3,259,4,1
1341730,3,461,5,1
1341730,3,508,6,1
1341730,3,276,7,2
1341730,3,390,8,1
1341730,3,117,9,1
1341730,3,377,10,1
1341730,3,460,11,1
1341730,3,35,12,0
1341730,3,322,13,0
1341730,3,76,14,0
1341730,3,239,15,0
1341730,4,363,1,1
1341730,4,255,2,1
1341730,4,239,3,1
1341730,4,259,4,1
1341730,4,461,5,1
1341730,4,390,6,1
1341730,4,508,7,1
1341730,4,276,8,2
1341730,4,117,9,1
1341730,4,377,10,1
1341730,4,460,11,1
1341730,4,35,12,0
1341730,4,457,13,0
1341730,4,76,14,0
1341730,4,322,15,0
1341730,5,363,1,1
1341730,5,255,2,1
1341730,5,259,3,1
1341730,5,232,4,1
1341730,5,239,5,1
1341730,5,390,6,2
1341730,5,508,7,1
1341730,5,276,8,1
1341730,5,377,9,1
1341730,5,117,10,1
1341730,5,460,11,1
1341730,5,35,12,0
1341730,5,461,13,0
1341730,5,76,14,0
1341730,5,322,15,0
1341730,6,363,1,1
1341730,6,255,2,1
1341730,6,259,3,1
1341730,6,232,4,1
1341730,6,461,5,1
1341730,6,390,6,1
1341730,6,508,7,1
1341730,6,276,8,2
1341730,6,377,9,1
1341730,6,117,10,1
1341730,6,460,11,1
1341730,6,35,12,0
1341730,6,470,13,0
1341730,6,76,14,0
1341730,6,322,15,0
1341730,7,363,1,1
1341730,7,255,2,1
1341730,7,232,3,1
1341730,7,470,4,1
1341730,7,259,5,1
1341730,7,390,6,1
1341730,7,254,7,2
1341730,7,37,8,1
1341730,7,377,9,1
1341730,7,460,10,1
1341730,7,117,11,1
1341730,7,35,12,0
1341730,7,461,13,0
1341730,7,76,14,0
1341730,7,322,15,0
3162521,1,112,1,1
3162521,1,457,2,1
3162521,1,62,3,1
3162521,1,11,4,1
3162521,1,375,5,1
3162521,1,156,6,1
3162521,1,390,7,1
3162521,1,254,8,1
3162521,1,4,9,2
3162521,1,6,10,1
3162521,1,78,11,1
3162521,1,363,12,0
3162521,1,468,13,0
3162521,1,454,14,0
3162521,1,492,15,0
3162521,2,112,1,1
3162521,2,457,2,1
3162521,2,62,3,1
3162521,2,156,4,1
3162521,2,11,5,1
3162521,2,390,6,1
3162521,2,4,7,2
3162521,2,254,8,1
3162521,2,6,9,1
3162521,2,78,10,1
3162521,2,492,11,1
3162521,2,363,12,0
3162521,2,375,13,0
3162521,2,454,14,0
3162521,2,468,15,0
3162521,3,363,1,1
3162521,3,457,2,1
3162521,3,156,3,1
3162521,3,375,4,1
3162521,3,390,5,1
3162521,3,454,6,1
3162521,3,254,7,1
3162521,3,272,8,2
3162521,3,164,9,1
3162521,3,78,10,1
3162521,3,492,11,1
3162521,3,112,12,0
3162521,3,62,13,0
3162521,3,11,14,0
3162521,3,468,15,0
3162521,4,363,1,1
3162521,4,62,2,1
3162521,4,156,3,1
3162521,4,375,4,1
3162521,4,390,5,1
3162521,4,454,6,1
3162521,4,254,7,1
3162521,4,272,8,2
3162521,4,164,9,1
3162521,4,78,10,1
3162521,4,492,11,1
3162521,4,112,12,0
3162521,4,457,13,0
3162521,4,11,14,0
3162521,4,468,15,0
3162521,5,112,1,1
3162521,5,375,2,1
3162521,5,62,3,1
3162521,5,11,4,1
3162521,5,390,5,1
3162521,5,454,6,1
3162521,5,254,7,1
3162521,5,37,8,1
3162521,5,164,9,1
3162521,5,388,10,2
3162521,5,492,11,1
3162521,5,363,12,0
3162521,5,457,13,0
3162521,5,156,14,0
3162521,5,468,15,0
3162521,6,363,1,1
3162521,6,457,2,1
3162521,6,156,3,1
3162521,6,11,4,1
3162521,6,390,5,1
3162521,6,37,6,1
3162521,6,254,7,1
3162521,6,38,8,1
3162521,6,164,9,1
3162521,6,388,10,2
3162521,6,492,11,1
3162521,6,112,12,0
3162521,6,454,13,0
3162521,6,375,14,0
3162521,6,62,15,0
3162521,7,363,1,1
3162521,7,375,2,1
3162521,7,156,3,1
3162521,7,11,4,1
3162521,7,390,5,1
3162521,7,37,6,1
3162521,7,254,7,1
3162521,7,38,8,1
3162521,7,164,9,1
3162521,7,388,10,2
3162521,7,202,11,1
3162521,7,112,12,0
3162521,7,454,13,0
3162521,7,457,14,0
3162521,7,62,15,0
3378241,1,363,1,1
3378241,1,259,2,1
3378241,1,471,3,1
3378241,1,239,4,1
3378241,1,375,5,1
3378241,1,390,6,1
3378241,1,4,7,2
3378241,1,254,8,1
3378241,1,24,9,1
3378241,1,117,10,1
3378241,1,377,11,1
3378241,1,35,12,0
3378241,1,284,13,0
3378241,1,97,14,0
3378241,1,262,15,0
3378241,2,363,1,1
3378241,2,259,2,1
3378241,2,239,3,1
3378241,2,97,4,1
3378241,2,284,5,1
3378241,2,306,6,1
3378241,2,4,7,2
3378241,2,254,8,1
3378241,2,24,9,1
3378241,2,117,10,1
3378241,2,377,11,1
3378241,2,35,12,0
3378241,2,375,13,0
3378241,2,471,14,0
3378241,2,262,15,0
3378241,3,363,1,1
3378241,3,123,2,1
3378241,3,375,3,1
3378241,3,97,4,1
3378241,3,272,5,1
3378241,3,390,6,2
3378241,3,508,7,1
3378241,3,254,8,1
3378241,3,141,9,1
3378241,3,117,10,1
3378241,3,164,11,1
3378241,3,35,12,0
3378241,3,77,13,0
3378241,3,239,14,0
3378241,3,262,15,0
3378241,4,363,1,1
3378241,4,239,2,1
3378241,4,375,3,1
3378241,4,97,4,1
3378241,4,508,5,1
3378241,4,254,6,2
3378241,4,272,7,1
3378241,4,141,8,1
3378241,4,468,9,1
3378241,4,117,10,1
3378241,4,164,11,1
3378241,4,35,12,0
3378241,4,123,13,0
3378241,4,77,14,0
3378241,4,262,15,0
3378241,5,363,1,1
3378241,5,123,2,1
3378241,5,239,3,1
3378241,5,97,4,1
3378241,5,77,5,1
3378241,5,390,6,2
3378241,5,508,7,1
3378241,5,254,8,1
3378241,5,141,9,1
3378241,5,117,10,1
3378241,5,164,11,1
3378241,5,35,12,0
3378241,5,262,13,0
3378241,5,468,14,0
3378241,5,375,15,0
3378241,6,363,1,1
3378241,6,123,2,1
3378241,6,239,3,1
3378241,6,97,4,1
3378241,6,77,5,1
3378241,6,390,6,2
3378241,6,508,7,1
3378241,6,254,8,1
3378241,6,141,9,1
3378241,6,117,10,1
3378241,6,164,11,1
3378241,6,35,12,0
3378241,6,262,13,0
3378241,6,468,14,0
3378241,6,375,15,0
3378241,7,363,1,1
3378241,7,123,2,1
3378241,7,239,3,1
3378241,7,375,4,1
3378241,7,390,5,2
3378241,7,106,6,1
3378241,7,254,7,1
3378241,7,141,8,1
3378241,7,388,9,1
3378241,7,117,10,1
3378241,7,164,11,1
3378241,7,35,12,0
3378241,7,468,13,0
3378241,7,77,14,0
3378241,7,97,15,0
4751783,1,363,1,1
4751783,1,259,2,1
4751783,1,457,3,1
4751783,1,102,4,1
4751783,1,4,5,1
4751783,1,390,6,1
4751783,1,500,7,1
4751783,1,338,8,1
4751783,1,184,9,1
4751783,1,388,10,2
4751783,1,506,11,1
4751783,1,35,12,0
4751783,1,355,13,0
4751783,1,239,14,0
4751783,1,196,15,0
4751783,2,325,1,1
4751783,2,461,2,1
4751783,2,239,3,1
4751783,2,123,4,1
4751783,2,254,5,1
4751783,2,141,6,1
4751783,2,302,7,1
4751783,2,338,8,1
4751783,2,224,9,2
4751783,2,303,10,1
4751783,2,164,11,1
4751783,2,35,12,0
4751783,2,526,13,0
4751783,2,196,14,0
4751783,2,313,15,0
4751783,3,325,1,1
4751783,3,123,2,1
4751783,3,313,3,1
4751783,3,239,4,1
4751783,3,461,5,1
4751783,3,254,6,1
4751783,3,141,7,1
4751783,3,390,8,1
4751783,3,164,9,1
4751783,3,224,10,1
4751783,3,388,11,2
4751783,3,35,12,0
4751783,3,526,13,0
4751783,3,196,14,0
4751783,3,338,15,0
4751783,4,325,1,1
4751783,4,461,2,1
4751783,4,239,3,1
4751783,4,313,4,1
4751783,4,526,5,1
4751783,4,254,6,1
4751783,4,141,7,1
4751783,4,306,8,1
4751783,4,224,9,1
4751783,4,388,10,1
4751783,4,164,11,2
4751783,4,35,12,0
4751783,4,123,13,0
4751783,4,196,14,0
4751783,4,338,15,0
4751783,5,325,1,1
4751783,5,123,2,1
4751783,5,461,3,1
4751783,5,239,4,1
4751783,5,313,5,1
4751783,5,254,6,1
4751783,5,141,7,1
4751783,5,390,8,1
4751783,5,338,9,1
4751783,5,388,10,2
4751783,5,164,11,1
4751783,5,35,12,0
4751783,5,526,13,0
4751783,5,196,14,0
4751783,5,224,15,0
4751783,6,12,1,1
4751783,6,313,2,1
4751783,6,239,3,1
4751783,6,461,4,1
4751783,6,338,5,1
4751783,6,254,6,1
4751783,6,141,7,1
4751783,6,390,8,1
4751783,6,164,9,1
4751783,6,224,10,1
4751783,6,388,11,2
4751783,6,325,12,0
4751783,6,526,13,0
4751783,6,123,14,0
4751783,6,196,15,0
4751783,7,325,1,1
4751783,7,123,2,1
4751783,7,313,3,1
4751783,7,239,4,1
4751783,7,254,5,1
4751783,7,141,6,1
4751783,7,390,7,1
4751783,7,338,8,1
4751783,7,224,9,1
4751783,7,388,10,2
4751783,7,164,11,1
4751783,7,12,12,0
4751783,7,461,13,0
4751783,7,146,14,0
4751783,7,526,15,0
1423491,1,325,1,1
1423491,1,260,2,1
1423491,1,353,3,1
1423491,1,412,4,1
1423491,1,66,5,1
1423491,1,254,6,2
1423491,1,390,7,1
1423491,1,481,8,1
1423491,1,187,9,1
1423491,1,184,10,1
1423491,1,460,11,1
1423491,1,363,12,0
1423491,1,178,13,0
1423491,1,302,14,0
1423491,1,303,15,0
1423491,2,325,1,1
1423491,2,353,2,1
1423491,2,412,3,1
1423491,2,66,4,1
1423491,2,302,5,2
1423491,2,254,6,1
1423491,2,390,7,1
1423491,2,481,8,1
1423491,2,187,9,1
1423491,2,184,10,1
1423491,2,303,11,1
1423491,2,363,12,0
1423491,2,178,13,0
1423491,2,260,14,0
1423491,2,460,15,0
1423491,3,363,1,1
1423491,3,66,2,1
1423491,3,178,3,1
1423491,3,260,4,1
1423491,3,302,5,1
1423491,3,254,6,1
1423491,3,390,7,2
1423491,3,141,8,1
1423491,3,460,9,1
1423491,3,184,10,1
1423491,3,164,11,1
1423491,3,325,12,0
1423491,3,481,13,0
1423491,3,412,14,0
1423491,3,353,15,0
1423491,4,363,1,1
1423491,4,239,2,1
1423491,4,146,3,1
1423491,4,77,4,1
1423491,4,141,5,1
1423491,4,254,6,2
1423491,4,272,7,1
1423491,4,69,8,1
1423491,4,164,9,1
1423491,4,460,10,1
1423491,4,224,11,1
1423491,4,12,12,0
1423491,4,123,13,0
1423491,4,198,14,0
1423491,4,519,15,0
1423491,5,12,1,1
1423491,5,123,2,1
1423491,5,239,3,1
1423491,5,77,4,1
1423491,5,254,5,1
1423491,5,390,6,2
1423491,5,141,7,1
1423491,5,69,8,1
1423491,5,198,9,1
1423491,5,164,10,1
1423491,5,460,11,1
1423491,5,363,12,0
1423491,5,224,13,0
1423491,5,519,14,0
1423491,5,146,15,0
1423491,6,12,1,1
1423491,6,232,2,1
1423491,6,146,3,1
1423491,6,77,4,1
1423491,6,141,5,1
1423491,6,390,6,1
1423491,6,254,7,1
1423491,6,69,8,1
1423491,6,460,9,1
1423491,6,388,10,2
1423491,6,164,11,1
1423491,6,363,12,0
1423491,6,198,13,0
1423491,6,239,14,0
1423491,6,519,15,0
1423491,7,12,1,1
1423491,7,232,2,1
1423491,7,239,3,1
1423491,7,77,4,1
1423491,7,254,5,1
1423491,7,390,6,1
1423491,7,198,7,1
1423491,7,141,8,1
1423491,7,164,9,1
1423491,7,460,10,1
1423491,7,388,11,2
1423491,7,363,12,0
1423491,7,69,13,0
1423491,7,146,14,0
1423491,7,519,15,0
4429028,1,483,1,1
4429028,1,353,2,1
4429028,1,239,3,1
4429028,1,375,4,1
4429028,1,259,5,1
4429028,1,254,6,1
4429028,1,508,7,1
4429028,1,338,8,1
4429028,1,4,9,2
4429028,1,437,10,1
4429028,1,117,11,1
4429028,1,363,12,0
4429028,1,24,13,0
4429028,1,471,14,0
4429028,1,492,15,0
4429028,2,483,1,1
4429028,2,353,2,1
4429028,2,239,3,1
4429028,2,259,4,1
4429028,2,375,5,1
4429028,2,4,6,2
4429028,2,254,7,1
4429028,2,508,8,1
4429028,2,338,9,1
4429028,2,492,10,1
4429028,2,117,11,1
4429028,2,363,12,0
4429028,2,24,13,0
4429028,2,471,14,0
4429028,2,437,15,0
4429028,3,483,1,1
4429028,3,239,2,1
4429028,3,259,3,1
4429028,3,375,4,1
4429028,3,471,5,1
4429028,3,198,6,1
4429028,3,254,7,2
4429028,3,508,8,1
4429028,3,272,9,1
4429028,3,437,10,1
4429028,3,117,11,1
4429028,3,363,12,0
4429028,3,492,13,0
4429028,3,24,14,0
4429028,3,353,15,0
4429028,4,363,1,1
4429028,4,239,2,1
4429028,4,375,3,1
4429028,4,259,4,1
4429028,4,198,5,1
4429028,4,508,6,1
4429028,4,254,7,2
4429028,4,24,8,1
4429028,4,272,9,1
4429028,4,437,10,1
4429028,4,117,11,1
4429028,4,483,12,0
4429028,4,471,13,0
4429028,4,492,14,0
4429028,4,353,15,0
4429028,5,483,1,1
4429028,5,239,2,1
4429028,5,259,3,1
4429028,5,375,4,1
4429028,5,198,5,1
4429028,5,254,6,1
4429028,5,508,7,1
4429028,5,37,8,1
4429028,5,492,9,1
4429028,5,388,10,2
4429028,5,117,11,1
4429028,5,363,12,0
4429028,5,471,13,0
4429028,5,24,14,0
4429028,5,353,15,0
4429028,6,363,1,1
4429028,6,239,2,1
4429028,6,259,3,1
4429028,6,375,4,1
4429028,6,198,5,1
4429028,6,254,6,2
4429028,6,508,7,1
4429028,6,37,8,1
4429028,6,492,9,1
4429028,6,388,10,1
4429028,6,117,11,1
4429028,6,483,12,0
4429028,6,471,13,0
4429028,6,24,14,0
4429028,6,353,15,0
4429028,7,363,1,1
4429028,7,239,2,1
4429028,7,375,3,1
4429028,7,259,4,1
4429028,7,353,5,1
4429028,7,24,6,1
4429028,7,254,7,2
4429028,7,37,8,1
4429028,7,198,9,1
4429028,7,388,10,1
4429028,7,117,11,1
4429028,7,483,12,0
4429028,7,471,13,0
4429028,7,508,14,0
4429028,7,492,15,0
4890724,1,363,1,1
4890724,1,259,2,1
4890724,1,250,3,1
4890724,1,375,4,1
4890724,1,239,5,1
4890724,1,4,6,1
4890724,1,254,7,2
4890724,1,390,8,1
4890724,1,338,9,1
4890724,1,377,10,1
4890724,1,117,11,1
4890724,1,35,12,0
4890724,1,24,13,0
4890724,1,196,14,0
4890724,1,50,15,0
4890724,2,363,1,1
4890724,2,259,2,1
4890724,2,77,3,1
4890724,2,239,4,1
4890724,2,272,5,1
4890724,2,254,6,1
4890724,2,478,7,1
4890724,2,508,8,2
4890724,2,164,9,1
4890724,2,303,10,1
4890724,2,184,11,1
4890724,2,35,12,0
4890724,2,76,13,0
4890724,2,123,14,0
4890724,2,146,15,0
4890724,3,363,1,1
4890724,3,259,2,1
4890724,3,77,3,1
4890724,3,123,4,1
4890724,3,272,5,1
4890724,3,254,6,1
4890724,3,390,7,2
4890724,3,508,8,1
4890724,3,164,9,1
4890724,3,460,10,1
4890724,3,184,11,1
4890724,3,35,12,0
4890724,3,146,13,0
4890724,3,239,14,0
4890724,3,76,15,0
4890724,4,363,1,1
4890724,4,259,2,1
4890724,4,239,3,1
4890724,4,77,4,1
4890724,4,272,5,1
4890724,4,254,6,2
4890724,4,481,7,1
4890724,4,508,8,1
4890724,4,184,9,1
4890724,4,164,10,1
4890724,4,460,11,1
4890724,4,35,12,0
4890724,4,123,13,0
4890724,4,120,14,0
4890724,4,146,15,0
4890724,5,363,1,1
4890724,5,259,2,1
4890724,5,239,3,1
4890724,5,123,4,1
4890724,5,146,5,1
4890724,5,254,6,1
4890724,5,481,7,1
4890724,5,508,8,1
4890724,5,390,9,2
4890724,5,164,10,1
4890724,5,460,11,1
4890724,5,35,12,0
4890724,5,272,13,0
4890724,5,77,14,0
4890724,5,262,15,0
4890724,6,363,1,1
4890724,6,259,2,1
4890724,6,146,3,1
4890724,6,77,4,1
4890724,6,254,5,1
4890724,6,481,6,1
4890724,6,508,7,1
4890724,6,390,8,1
4890724,6,164,9,1
4890724,6,117,10,1
4890724,6,388,11,2
4890724,6,35,12,0
4890724,6,364,13,0
4890724,6,239,14,0
4890724,6,123,15,0
4890724,7,363,1,1
4890724,7,77,2,1
4890724,7,239,3,1
4890724,7,123,4,1
4890724,7,254,5,1
4890724,7,306,6,1
4890724,7,364,7,1
4890724,7,390,8,2
4890724,7,164,9,1
4890724,7,117,10,1
4890724,7,388,11,1
4890724,7,35,12,0
4890724,7,146,13,0
4890724,7,508,14,0
4890724,7,215,15,0
2764431,1,70,1,1
2764431,1,375,2,1
2764431,1,123,3,1
2764431,1,259,4,1
2764431,1,4,5,1
2764431,1,500,6,1
2764431,1,338,7,1
2764431,1,254,8,2
2764431,1,184,9,1
2764431,1,117,10,1
2764431,1,377,11,1
2764431,1,503,12,0
2764431,1,239,13,0
2764431,1,197,14,0
2764431,1,373,15,0
2764431,2,70,1,1
2764431,2,259,2,1
2764431,2,239,3,1
2764431,2,197,4,1
2764431,2,4,5,2
2764431,2,508,6,1
2764431,2,338,7,1
2764431,2,254,8,1
2764431,2,184,9,1
2764431,2,117,10,1
2764431,2,377,11,1
2764431,2,503,12,0
2764431,2,123,13,0
2764431,2,375,14,0
2764431,2,373,15,0
2764431,3,70,1,1
2764431,3,123,2,1
2764431,3,259,3,1
2764431,3,197,4,1
2764431,3,375,5,1
2764431,3,272,6,2
2764431,3,508,7,1
2764431,3,254,8,1
2764431,3,184,9,1
2764431,3,117,10,1
2764431,3,377,11,1
2764431,3,503,12,0
2764431,3,469,13,0
2764431,3,239,14,0
2764431,3,373,15,0
2764431,4,70,1,1
2764431,4,375,2,1
2764431,4,239,3,1
2764431,4,259,4,1
2764431,4,272,5,1
2764431,4,508,6,1
2764431,4,469,7,1
2764431,4,254,8,2
2764431,4,184,9,1
2764431,4,117,10,1
2764431,4,377,11,1
2764431,4,503,12,0
2764431,4,123,13,0
2764431,4,197,14,0
2764431,4,373,15,0
2764431,5,70,1,1
2764431,5,123,2,1
2764431,5,259,3,1
2764431,5,239,4,1
2764431,5,390,5,1
2764431,5,119,6,1
2764431,5,508,7,1
2764431,5,469,8,1
2764431,5,254,9,2
2764431,5,184,10,1
2764431,5,117,11,1
2764431,5,503,12,0
2764431,5,377,13,0
2764431,5,197,14,0
2764431,5,375,15,0
2764431,6,70,1,1
2764431,6,375,2,1
2764431,6,259,3,1
2764431,6,197,4,1
2764431,6,390,5,1
2764431,6,119,6,1
2764431,6,508,7,1
2764431,6,254,8,2
2764431,6,184,9,1
2764431,6,388,10,1
2764431,6,377,11,1
2764431,6,503,12,0
2764431,6,469,13,0
2764431,6,239,14,0
2764431,6,123,15,0
2764431,7,503,1,1
2764431,7,123,2,1
2764431,7,259,3,1
2764431,7,197,4,1
2764431,7,375,5,1
2764431,7,390,6,1
2764431,7,469,7,1
2764431,7,254,8,2
2764431,7,184,9,1
2764431,7,388,10,1
2764431,7,377,11,1
2764431,7,70,12,0
2764431,7,508,13,0
2764431,7,119,14,0
2764431,7,239,15,0
765186,1,483,1,1
765186,1,259,2,1
765186,1,395,3,1
765186,1,461,4,1
765186,1,254,5,2
765186,1,390,6,1
765186,1,465,7,1
765186,1,355,8,1
765186,1,224,9,1
765186,1,140,10,1
765186,1,117,11,1
765186,1,429,12,0
765186,1,351,13,0
765186,1,55,14,0
765186,1,200,15,0
765186,2,483,1,1
765186,2,259,2,1
765186,2,395,3,1
765186,2,200,4,1
765186,2,351,5,1
765186,2,254,6,1
765186,2,306,7,1
765186,2,355,8,1
765186,2,140,9,1
765186,2,224,10,2
765186,2,166,11,1
765186,2,429,12,0
765186,2,465,13,0
765186,2,55,14,0
765186,2,461,15,0
765186,3,483,1,1
765186,3,259,2,1
765186,3,395,3,1
765186,3,461,4,1
765186,3,254,5,1
765186,3,306,6,2
765186,3,465,7,1
765186,3,355,8,1
765186,3,166,9,1
765186,3,224,10,1
765186,3,140,11,1
765186,3,429,12,0
765186,3,351,13,0
765186,3,200,14,0
765186,3,55,15,0
765186,4,483,1,1
765186,4,259,2,1
765186,4,498,3,1
765186,4,461,4,1
765186,4,254,5,2
765186,4,306,6,1
765186,4,465,7,1
765186,4,55,8,1
765186,4,164,9,1
765186,4,224,10,1
765186,4,140,11,1
765186,4,429,12,0
765186,4,355,13,0
765186,4,395,14,0
765186,4,200,15,0
765186,5,483,1,1
765186,5,498,2,1
765186,5,461,3,1
765186,5,259,4,1
765186,5,200,5,1
765186,5,306,6,1
765186,5,141,7,2
765186,5,254,8,1
765186,5,355,9,1
765186,5,140,10,1
765186,5,164,11,1
765186,5,429,12,0
765186,5,395,13,0
765186,5,224,14,0
765186,5,55,15,0
765186,6,483,1,1
765186,6,259,2,1
765186,6,498,3,1
765186,6,395,4,1
765186,6,461,5,1
765186,6,254,6,2
765186,6,306,7,1
765186,6,141,8,1
765186,6,164,9,1
765186,6,388,10,1
765186,6,377,11,1
765186,6,429,12,0
765186,6,200,13,0
765186,6,355,14,0
765186,6,55,15,0
765186,7,483,1,1
765186,7,200,2,1
765186,7,395,3,1
765186,7,259,4,1
765186,7,355,5,1
765186,7,390,6,1
765186,7,141,7,1
765186,7,254,8,1
765186,7,388,9,2
765186,7,377,10,1
765186,7,164,11,1
765186,7,429,12,0
765186,7,498,13,0
765186,7,461,14,0
765186,7,55,15,0
4036539,1,363,1,1
4036539,1,250,2,1
4036539,1,238,3,1
4036539,1,457,4,1
4036539,1,251,5,1
4036539,1,392,6,1
4036539,1,4,7,1
4036539,1,478,8,1
4036539,1,464,9,1
4036539,1,460,10,2
4036539,1,492,11,1
4036539,1,70,12,0
4036539,1,264,13,0
4036539,1,75,14,0
4036539,1,437,15,0
4036539,2,363,1,1
4036539,2,250,2,1
4036539,2,238,3,1
4036539,2,457,4,1
4036539,2,251,5,1
4036539,2,392,6,1
4036539,2,4,7,1
4036539,2,478,8,2
4036539,2,464,9,1
4036539,2,460,10,1
4036539,2,492,11,1
4036539,2,70,12,0
4036539,2,264,13,0
4036539,2,75,14,0
4036539,2,437,15,0
4036539,3,363,1,1
4036539,3,250,2,1
4036539,3,457,3,1
4036539,3,238,4,1
4036539,3,392,5,1
4036539,3,4,6,1
4036539,3,478,7,1
4036539,3,251,8,2
4036539,3,492,9,1
4036539,3,460,10,1
4036539,3,437,11,1
4036539,3,70,12,0
4036539,3,75,13,0
4036539,3,264,14,0
4036539,3,464,15,0
4036539,4,363,1,1
4036539,4,250,2,1
4036539,4,457,3,1
4036539,4,238,4,1
4036539,4,392,5,2
4036539,4,4,6,1
4036539,4,478,7,1
4036539,4,464,8,1
4036539,4,492,9,1
4036539,4,460,10,1
4036539,4,437,11,1
4036539,4,70,12,0
4036539,4,75,13,0
4036539,4,264,14,0
4036539,4,251,15,0
4036539,5,363,1,1
4036539,5,250,2,1
4036539,5,123,3,1
4036539,5,77,4,1
4036539,5,508,5,1
4036539,5,390,6,2
4036539,5,37,7,1
4036539,5,254,8,1
4036539,5,388,9,1
4036539,5,164,10,1
4036539,5,437,11,1
4036539,5,12,12,0
4036539,5,227,13,0
4036539,5,170,14,0
4036539,5,265,15,0
4036539,6,363,1,1
4036539,6,461,2,1
4036539,6,123,3,1
4036539,6,77,4,1
4036539,6,508,5,1
4036539,6,390,6,2
4036539,6,37,7,1
4036539,6,254,8,1
4036539,6,388,9,1
4036539,6,164,10,1
4036539,6,437,11,1
4036539,6,12,12,0
4036539,6,227,13,0
4036539,6,170,14,0
4036539,6,265,15,0
4036539,7,363,1,1
4036539,7,461,2,1
4036539,7,123,3,1
4036539,7,77,4,1
4036539,7,508,5,1
4036539,7,390,6,2
4036539,7,37,7,1
4036539,7,254,8,1
4036539,7,388,9,1
4036539,7,164,10,1
4036539,7,506,11,1
4036539,7,12,12,0
4036539,7,227,13,0
4036539,7,170,14,0
4036539,7,265,15,0
5015277,1,70,1,1
5015277,1,259,2,1
5015277,1,457,3,1
5015277,1,375,4,1
5015277,1,254,5,2
5015277,1,4,6,1
5015277,1,500,7,1
5015277,1,338,8,1
5015277,1,164,9,1
5015277,1,184,10,1
5015277,1,117,11,1
5015277,1,35,12,0
5015277,1,196,13,0
5015277,1,145,14,0
5015277,1,76,15,0
5015277,2,70,1,1
5015277,2,259,2,1
5015277,2,457,3,1
5015277,2,375,4,1
5015277,2,254,5,2
5015277,2,4,6,1
5015277,2,500,7,1
5015277,2,338,8,1
5015277,2,164,9,1
5015277,2,184,10,1
5015277,2,117,11,1
5015277,2,35,12,0
5015277,2,196,13,0
5015277,2,145,14,0
5015277,2,76,15,0
5015277,3,70,1,1
5015277,3,259,2,1
5015277,3,457,3,1
5015277,3,375,4,1
5015277,3,254,5,2
5015277,3,390,6,1
5015277,3,272,7,1
5015277,3,338,8,1
5015277,3,164,9,1
5015277,3,184,10,1
5015277,3,117,11,1
5015277,3,35,12,0
5015277,3,196,13,0
5015277,3,145,14,0
5015277,3,76,15,0
5015277,4,70,1,1
5015277,4,259,2,1
5015277,4,457,3,1
5015277,4,375,4,1
5015277,4,254,5,2
5015277,4,500,6,1
5015277,4,272,7,1
5015277,4,338,8,1
5015277,4,164,9,1
5015277,4,184,10,1
5015277,4,117,11,1
5015277,4,35,12,0
5015277,4,196,13,0
5015277,4,145,14,0
5015277,4,76,15,0
5015277,5,70,1,1
5015277,5,259,2,1
5015277,5,457,3,1
5015277,5,375,4,1
5015277,5,254,5,2
5015277,5,500,6,1
5015277,5,302,7,1
5015277,5,338,8,1
5015277,5,164,9,1
5015277,5,184,10,1
5015277,5,117,11,1
5015277,5,35,12,0
5015277,5,196,13,0
5015277,5,145,14,0
5015277,5,76,15,0
5015277,6,70,1,1
5015277,6,259,2,1
5015277,6,457,3,1
5015277,6,375,4,1
5015277,6,254,5,2
5015277,6,500,6,1
5015277,6,302,7,1
5015277,6,338,8,1
5015277,6,164,9,1
5015277,6,184,10,1
5015277,6,117,11,1
5015277,6,35,12,0
5015277,6,196,13,0
5015277,6,145,14,0
5015277,6,76,15,0
5015277,7,70,1,1
5015277,7,259,2,1
5015277,7,457,3,1
5015277,7,375,4,1
5015277,7,254,5,2
5015277,7,500,6,1
5015277,7,302,7,1
5015277,7,338,8,1
5015277,7,164,9,1
5015277,7,184,10,1
5015277,7,117,11,1
5015277,7,35,12,0
5015277,7,196,13,0
5015277,7,145,14,0
5015277,7,76,15,0
254246,1,363,1,1
254246,1,259,2,1
254246,1,239,3,1
254246,1,102,4,1
254246,1,394,5,1
254246,1,4,6,2
254246,1,449,7,1
254246,1,254,8,1
254246,1,506,9,1
254246,1,117,10,1
254246,1,184,11,1
254246,1,35,12,0
254246,1,471,13,0
254246,1,338,14,0
254246,1,145,15,0
254246,2,363,1,1
254246,2,259,2,1
254246,2,239,3,1
254246,2,461,4,1
254246,2,449,5,1
254246,2,4,6,2
254246,2,338,7,1
254246,2,254,8,1
254246,2,506,9,1
254246,2,117,10,1
254246,2,164,11,1
254246,2,35,12,0
254246,2,394,13,0
254246,2,471,14,0
254246,2,145,15,0
254246,3,363,1,1
254246,3,259,2,1
254246,3,239,3,1
254246,3,461,4,1
254246,3,141,5,1
254246,3,272,6,2
254246,3,449,7,1
254246,3,254,8,1
254246,3,506,9,1
254246,3,117,10,1
254246,3,164,11,1
254246,3,35,12,0
254246,3,338,13,0
254246,3,471,14,0
254246,3,145,15,0
254246,4,363,1,1
254246,4,259,2,1
254246,4,239,3,1
254246,4,461,4,1
254246,4,254,5,1
254246,4,141,6,1
254246,4,272,7,1
254246,4,338,8,1
254246,4,506,9,1
254246,4,164,10,2
254246,4,224,11,1
254246,4,35,12,0
254246,4,449,13,0
254246,4,471,14,0
254246,4,145,15,0
254246,5,363,1,1
254246,5,259,2,1
254246,5,239,3,1
254246,5,232,4,1
254246,5,141,5,1
254246,5,449,6,1
254246,5,338,7,1
254246,5,254,8,2
254246,5,506,9,1
254246,5,224,10,1
254246,5,164,11,1
254246,5,35,12,0
254246,5,272,13,0
254246,5,471,14,0
254246,5,145,15,0
254246,6,12,1,1
254246,6,461,2,1
254246,6,46,3,1
254246,6,232,4,1
254246,6,254,5,2
254246,6,141,6,1
254246,6,390,7,1
254246,6,508,8,1
254246,6,506,9,1
254246,6,164,10,1
254246,6,388,11,1
254246,6,32,12,0
254246,6,69,13,0
254246,6,146,14,0
254246,6,239,15,0
254246,7,12,1,1
254246,7,239,2,1
254246,7,46,3,1
254246,7,232,4,1
254246,7,141,5,1
254246,7,390,6,1
254246,7,69,7,1
254246,7,254,8,2
254246,7,506,9,1
254246,7,388,10,1
254246,7,164,11,1
254246,7,32,12,1
254246,7,508,13,1
254246,7,146,14,1
254246,7,461,15,1
4070785,1,363,1,1
4070785,1,250,2,1
4070785,1,239,3,1
4070785,1,259,4,1
4070785,1,191,5,1
4070785,1,468,6,1
4070785,1,254,7,2
4070785,1,4,8,1
4070785,1,284,9,1
4070785,1,366,10,1
4070785,1,224,11,1
4070785,1,35,12,0
4070785,1,452,13,0
4070785,1,471,14,0
4070785,1,50,15,0
4070785,2,363,1,1
4070785,2,250,2,1
4070785,2,239,3,1
4070785,2,146,4,1
4070785,2,259,5,1
4070785,2,191,6,1
4070785,2,254,7,1
4070785,2,4,8,1
4070785,2,284,9,1
4070785,2,366,10,1
4070785,2,224,11,2
4070785,2,35,12,0
4070785,2,452,13,0
4070785,2,468,14,0
4070785,2,50,15,0
4070785,3,363,1,1
4070785,3,250,2,1
4070785,3,239,3,1
4070785,3,146,4,1
4070785,3,259,5,1
4070785,3,390,6,1
4070785,3,254,7,2
4070785,3,4,8,1
4070785,3,141,9,1
4070785,3,164,10,1
4070785,3,366,11,1
4070785,3,35,12,0
4070785,3,191,13,0
4070785,3,452,14,0
4070785,3,50,15,0
4070785,4,363,1,1
4070785,4,250,2,1
4070785,4,239,3,1
4070785,4,146,4,1
4070785,4,259,5,1
4070785,4,69,6,1
4070785,4,254,7,2
4070785,4,4,8,1
4070785,4,141,9,1
4070785,4,164,10,1
4070785,4,366,11,1
4070785,4,35,12,0
4070785,4,191,13,0
4070785,4,452,14,0
4070785,4,50,15,0
4070785,5,363,1,1
4070785,5,250,2,1
4070785,5,239,3,1
4070785,5,146,4,1
4070785,5,259,5,1
4070785,5,69,6,1
4070785,5,254,7,2
4070785,5,4,8,1
4070785,5,390,9,1
4070785,5,164,10,1
4070785,5,366,11,1
4070785,5,35,12,0
4070785,5,191,13,0
4070785,5,452,14,0
4070785,5,50,15,0
4070785,6,363,1,1
4070785,6,239,2,1
4070785,6,146,3,1
4070785,6,259,4,1
4070785,6,69,5,1
4070785,6,254,6,2
4070785,6,508,7,1
4070785,6,390,8,1
4070785,6,117,9,1
4070785,6,366,10,1
4070785,6,164,11,1
4070785,6,35,12,0
4070785,6,191,13,0
4070785,6,452,14,0
4070785,6,250,15,0
4070785,7,363,1,1
4070785,7,239,2,1
4070785,7,146,3,1
4070785,7,259,4,1
4070785,7,69,5,1
4070785,7,254,6,2
4070785,7,191,7,1
4070785,7,390,8,1
4070785,7,117,9,1
4070785,7,366,10,1
4070785,7,164,11,1
4070785,7,35,12,0
4070785,7,508,13,0
4070785,7,452,14,0
4070785,7,250,15,0
49030,1,363,1,1
49030,1,146,2,1
49030,1,259,3,1
49030,1,255,4,1
49030,1,375,5,1
49030,1,254,6,1
49030,1,390,7,1
49030,1,4,8,2
49030,1,338,9,1
49030,1,184,10,1
49030,1,117,11,1
49030,1,35,12,0
49030,1,471,13,0
49030,1,76,14,0
49030,1,50,15,0
49030,2,363,1,1
49030,2,255,2,1
49030,2,375,3,1
49030,2,259,4,1
49030,2,254,5,1
49030,2,390,6,1
49030,2,338,7,1
49030,2,302,8,2
49030,2,50,9,1
49030,2,117,10,1
49030,2,184,11,1
49030,2,35,12,0
49030,2,146,13,0
49030,2,76,14,0
49030,2,471,15,0
49030,3,363,1,1
49030,3,146,2,1
49030,3,255,3,1
49030,3,375,4,1
49030,3,259,5,1
49030,3,471,6,1
49030,3,254,7,1
49030,3,390,8,2
49030,3,302,9,1
49030,3,117,10,1
49030,3,184,11,1
49030,3,35,12,0
49030,3,338,13,0
49030,3,76,14,0
49030,3,50,15,0
49030,4,363,1,1
49030,4,146,2,1
49030,4,255,3,1
49030,4,375,4,1
49030,4,259,5,1
49030,4,254,6,1
49030,4,272,7,2
49030,4,338,8,1
49030,4,302,9,1
49030,4,117,10,1
49030,4,202,11,1
49030,4,35,12,0
49030,4,471,13,0
49030,4,76,14,0
49030,4,50,15,0
49030,5,363,1,1
49030,5,146,2,1
49030,5,255,3,1
49030,5,259,4,1
49030,5,375,5,1
49030,5,254,6,2
49030,5,338,7,1
49030,5,76,8,1
49030,5,302,9,1
49030,5,164,10,1
49030,5,202,11,1
49030,5,35,12,0
49030,5,471,13,0
49030,5,272,14,0
49030,5,50,15,0
49030,6,363,1,1
49030,6,259,2,1
49030,6,255,3,1
49030,6,146,4,1
49030,6,338,5,1
49030,6,254,6,2
49030,6,390,7,1
49030,6,302,8,1
49030,6,76,9,1
49030,6,202,10,1
49030,6,164,11,1
49030,6,35,12,0
49030,6,375,13,0
49030,6,50,14,0
49030,6,471,15,0
49030,7,363,1,1
49030,7,255,2,1
49030,7,375,3,1
49030,7,259,4,1
49030,7,76,5,1
49030,7,254,6,1
49030,7,390,7,2
49030,7,338,8,1
49030,7,302,9,1
49030,7,164,10,1
49030,7,202,11,1
49030,7,35,12,0
49030,7,146,13,0
49030,7,50,14,0
49030,7,471,15,0
1791053,1,455,1,1
1791053,1,353,2,1
1791053,1,197,3,1
1791053,1,471,4,1
1791053,1,478,5,1
1791053,1,251,6,1
1791053,1,4,7,2
1791053,1,55,8,1
1791053,1,184,9,1
1791053,1,460,10,1
1791053,1,117,11,1
1791053,1,35,12,0
1791053,1,196,13,0
1791053,1,284,14,0
1791053,1,313,15,0
1791053,2,455,1,1
1791053,2,353,2,1
1791053,2,471,3,1
1791053,2,197,4,1
1791053,2,478,5,1
1791053,2,254,6,1
1791053,2,4,7,2
1791053,2,284,8,1
1791053,2,184,9,1
1791053,2,460,10,1
1791053,2,117,11,1
1791053,2,35,12,0
1791053,2,55,13,0
1791053,2,313,14,0
1791053,2,196,15,0
1791053,3,455,1,1
1791053,3,471,2,1
1791053,3,313,3,1
1791053,3,197,4,1
1791053,3,478,5,1
1791053,3,254,6,1
1791053,3,4,7,2
1791053,3,55,8,1
1791053,3,184,9,1
1791053,3,460,10,1
1791053,3,117,11,1
1791053,3,35,12,0
1791053,3,284,13,0
1791053,3,353,14,0
1791053,3,196,15,0
1791053,4,455,1,1
1791053,4,152,2,1
1791053,4,197,3,1
1791053,4,11,4,1
1791053,4,478,5,1
1791053,4,254,6,1
1791053,4,4,7,2
1791053,4,284,8,1
1791053,4,184,9,1
1791053,4,460,10,1
1791053,4,117,11,1
1791053,4,35,12,0
1791053,4,55,13,0
1791053,4,471,14,0
1791053,4,196,15,0
1791053,5,455,1,1
1791053,5,152,2,1
1791053,5,11,3,1
1791053,5,197,4,1
1791053,5,37,5,1
1791053,5,254,6,2
1791053,5,4,7,1
1791053,5,284,8,1
1791053,5,184,9,1
1791053,5,460,10,1
1791053,5,117,11,1
1791053,5,35,12,0
1791053,5,55,13,0
1791053,5,471,14,0
1791053,5,196,15,0
1791053,6,455,1,1
1791053,6,461,2,1
1791053,6,11,3,1
1791053,6,197,4,1
1791053,6,37,5,1
1791053,6,254,6,2
1791053,6,4,7,1
1791053,6,284,8,1
1791053,6,117,9,1
1791053,6,184,10,1
1791053,6,460,11,1
1791053,6,35,12,0
1791053,6,55,13,0
1791053,6,196,14,0
1791053,6,152,15,0
1791053,7,455,1,1
1791053,7,239,2,1
1791053,7,197,3,1
1791053,7,11,4,1
1791053,7,37,5,1
1791053,7,254,6,2
1791053,7,4,7,1
1791053,7,284,8,1
1791053,7,184,9,1
1791053,7,460,10,1
1791053,7,117,11,1
1791053,7,35,12,0
1791053,7,461,13,0
1791053,7,55,14,0
1791053,7,196,15,0
2948,1,363,1,1
2948,1,375,2,1
2948,1,259,3,1
2948,1,457,4,1
2948,1,500,5,1
2948,1,4,6,1
2948,1,254,7,2
2948,1,338,8,1
2948,1,377,9,1
2948,1,117,10,1
2948,1,184,11,1
2948,1,35,12,0
2948,1,146,13,0
2948,1,76,14,0
2948,1,97,15,0
2948,2,363,1,1
2948,2,97,2,1
2948,2,259,3,1
2948,2,457,4,1
2948,2,306,5,1
2948,2,4,6,2
2948,2,254,7,1
2948,2,338,8,1
2948,2,377,9,1
2948,2,117,10,1
2948,2,184,11,1
2948,2,35,12,0
2948,2,375,13,0
2948,2,76,14,0
2948,2,146,15,0
2948,3,12,1,1
2948,3,123,2,1
2948,3,461,3,1
2948,3,259,4,1
2948,3,424,5,1
2948,3,284,6,1
2948,3,254,7,1
2948,3,272,8,2
2948,3,164,9,1
2948,3,460,10,1
2948,3,117,11,1
2948,3,35,12,0
2948,3,469,13,0
2948,3,77,14,0
2948,3,146,15,0
2948,4,12,1,1
2948,4,77,2,1
2948,4,461,3,1
2948,4,259,4,1
2948,4,469,5,1
2948,4,284,6,1
2948,4,254,7,1
2948,4,272,8,2
2948,4,164,9,1
2948,4,460,10,1
2948,4,117,11,1
2948,4,35,12,0
2948,4,123,13,0
2948,4,424,14,0
2948,4,146,15,0
2948,5,12,1,1
2948,5,123,2,1
2948,5,259,3,1
2948,5,77,4,1
2948,5,469,5,1
2948,5,119,6,1
2948,5,254,7,1
2948,5,284,8,1
2948,5,388,9,2
2948,5,164,10,1
2948,5,460,11,1
2948,5,35,12,0
2948,5,461,13,0
2948,5,424,14,0
2948,5,146,15,0
2948,6,12,1,1
2948,6,461,2,1
2948,6,259,3,1
2948,6,77,4,1
2948,6,469,5,1
2948,6,119,6,1
2948,6,254,7,2
2948,6,284,8,1
2948,6,388,9,1
2948,6,164,10,1
2948,6,268,11,1
2948,6,35,12,0
2948,6,146,13,0
2948,6,123,14,0
2948,6,424,15,0
2948,7,12,1,1
2948,7,123,2,1
2948,7,77,3,1
2948,7,259,4,1
2948,7,390,5,2
2948,7,284,6,1
2948,7,254,7,1
2948,7,119,8,1
2948,7,164,9,1
2948,7,202,10,1
2948,7,388,11,1
2948,7,35,12,0
2948,7,146,13,0
2948,7,461,14,0
2948,7,424,15,0
5060461,1,363,1,1
5060461,1,66,2,1
5060461,1,259,3,1
5060461,1,369,4,1
5060461,1,355,5,1
5060461,1,229,6,1
5060461,1,261,7,1
5060461,1,4,8,2
5060461,1,141,9,1
5060461,1,224,10,1
5060461,1,117,11,1
5060461,1,291,12,0
5060461,1,456,13,0
5060461,1,351,14,0
5060461,1,506,15,0
5060461,2,363,1,1
5060461,2,66,2,1
5060461,2,259,3,1
5060461,2,351,4,1
5060461,2,355,5,1
5060461,2,229,6,1
5060461,2,261,7,1
5060461,2,4,8,2
5060461,2,141,9,1
5060461,2,224,10,1
5060461,2,117,11,1
5060461,2,291,12,0
5060461,2,456,13,0
5060461,2,369,14,0
5060461,2,506,15,0
5060461,3,291,1,1
5060461,3,66,2,1
5060461,3,259,3,1
5060461,3,162,4,1
5060461,3,351,5,1
5060461,3,261,6,1
5060461,3,4,7,2
5060461,3,141,8,1
5060461,3,224,9,1
5060461,3,117,10,1
5060461,3,506,11,1
5060461,3,363,12,0
5060461,3,456,13,0
5060461,3,229,14,0
5060461,3,225,15,0
5060461,4,291,1,1
5060461,4,66,2,1
5060461,4,259,3,1
5060461,4,162,4,1
5060461,4,229,5,1
5060461,4,261,6,1
5060461,4,4,7,2
5060461,4,141,8,1
5060461,4,224,9,1
5060461,4,117,10,1
5060461,4,506,11,1
5060461,4,363,12,0
5060461,4,456,13,0
5060461,4,351,14,0
5060461,4,446,15,0
5060461,5,291,1,1
5060461,5,66,2,1
5060461,5,259,3,1
5060461,5,162,4,1
5060461,5,351,5,1
5060461,5,446,6,1
5060461,5,4,7,2
5060461,5,141,8,1
5060461,5,229,9,1
5060461,5,164,10,1
5060461,5,506,11,1
5060461,5,363,12,0
5060461,5,456,13,0
5060461,5,261,14,0
5060461,5,224,15,0
5060461,6,291,1,1
5060461,6,66,2,1
5060461,6,259,3,1
5060461,6,162,4,1
5060461,6,351,5,1
5060461,6,446,6,1
5060461,6,4,7,2
5060461,6,141,8,1
5060461,6,224,9,1
5060461,6,164,10,1
5060461,6,506,11,1
5060461,6,363,12,0
5060461,6,456,13,0
5060461,6,261,14,0
5060461,6,229,15,0
5060461,7,291,1,1
5060461,7,66,2,1
5060461,7,259,3,1
5060461,7,162,4,1
5060461,7,351,5,1
5060461,7,446,6,1
5060461,7,4,7,2
5060461,7,141,8,1
5060461,7,224,9,1
5060461,7,164,10,1
5060461,7,506,11,1
5060461,7,363,12,0
5060461,7,456,13,0
5060461,7,261,14,0
5060461,7,229,15,0
