id,player_name,games,time,goals,xG,assists,xA,shots,key_passes,yellow_cards,red_cards,position,team_title,npg,npxG,xGChain,xGBuildup
453,Son Heung-Min,7,566,8,3.090914897620678,2,1.7901648357510567,15,16,0,0,F M,Tottenham,8,3.090914897620678,5.330408409237862,1.9649304263293743
5555,Dominic Calvert-Lewin,8,703,8,5.818061403930187,0,0.3528262749314308,26,4,1,0,F,Everton,8,5.818061403930187,5.72650969773531,1.278622716665268
755,Jamie Vardy,6,469,7,5.711000025272369,1,0.6502183005213737,13,4,0,0,F S,Leicester,3,2.666324645280838,3.5841170325875282,0.2675740718841553
822,Patrick Bamford,8,676,7,4.632955260574818,1,0.3541257418692112,29,4,1,0,F,Leeds,7,4.632955260574818,5.684093996882439,1.0423743706196547
1250,Mohamed Salah,7,630,7,5.147191882133484,0,1.9461469985544682,32,18,0,0,F,Liverpool,4,2.8636853992938995,6.762861281633377,2.7589555978775024
468,Callum Wilson,8,703,6,6.2659850642085075,1,0.9200033731758595,16,7,1,0,F,Newcastle United,3,3.982478551566601,5.186433412134647,0.3053214158862829
647,Harry Kane,7,627,6,6.138769879937172,8,3.600652813911438,31,14,0,0,F,Tottenham,4,4.616432145237923,6.573389885015786,0.730822023935616
522,Wilfried Zaha,8,720,5,4.2247224599123,2,2.1821369230747223,18,13,2,0,F,Crystal Palace,3,2.702384799718857,5.273610673844814,0.8038306161761284
986,Danny Ings,7,626,5,2.483589205890894,2,0.38785428553819656,15,6,0,0,F,Southampton,4,1.722420334815979,2.3565761148929596,0.5106955729424953
1228,Bruno Fernandes,7,574,5,3.085347540676594,3,1.8204825725406408,20,20,2,0,M,Manchester United,3,0.8018410131335258,2.7964749466627836,0.8554285820573568
65,Timo Werner,8,701,4,3.463863667100668,1,0.6284999419003725,20,5,0,0,F M,Chelsea,4,3.463863667100668,4.391184151172638,0.9473529122769833
675,Jack Grealish,6,540,4,2.600238412618637,4,2.87457949668169,17,17,1,0,F M,Aston Villa,4,2.600238412618637,5.433249861001968,1.6328418627381325
838,Sadio Mané,6,531,4,4.013237610459328,1,1.2059182226657867,21,12,2,0,F M,Liverpool,4,4.013237610459328,5.9633835554122925,1.3161305263638496
3621,Neal Maupay,7,630,4,4.523343563079834,1,0.5649800002574921,21,5,0,0,F M,Brighton,2,3.001079484820366,4.455578863620758,1.3441169653087854
4105,Raúl Jiménez,7,630,4,2.126775234937668,0,0.5053892806172371,22,4,0,0,F,Wolverhampton Wanderers,4,2.126775234937668,2.8133607022464275,0.7242033127695322
8865,Ollie Watkins,6,540,4,3.77691613137722,1,0.5846609380096197,15,9,0,0,F,Aston Villa,3,3.015747308731079,4.269099898636341,1.7302843518555164
531,Michail Antonio,6,490,3,2.963218778371811,0,0.33702840097248554,18,6,1,0,F,West Ham,3,2.963218778371811,3.6503811478614807,0.6049350053071976
843,James Ward-Prowse,8,720,3,0.6474304273724556,1,1.0341413989663124,9,13,1,0,M,Southampton,3,0.6474304273724556,1.8163386583328247,1.4715448543429375
935,Kurt Zouma,7,630,3,0.5528752896934748,0,0.018804335966706276,6,1,0,0,D,Chelsea,3,0.5528752896934748,0.783557154238224,0.783557154238224
1389,Jorginho,7,459,3,3.1184692615643144,1,0.15144091844558716,6,4,0,0,M S,Chelsea,0,0.07379390764981508,1.369551070034504,1.369551070034504
1776,Jarrod Bowen,8,674,3,2.4079986326396465,0,0.5542486533522606,16,3,0,0,F M,West Ham,3,2.4079986326396465,3.7037411630153656,1.3060728535056114
2249,James Rodríguez,7,605,3,1.845007760450244,3,2.7578841000795364,14,17,1,0,F,Everton,3,1.845007760450244,4.885078191757202,2.428759215399623
3277,Alexandre Lacazette,6,427,3,2.4627848118543625,0,0.3091066889464855,8,6,1,0,F S,Arsenal,3,2.4627848118543625,2.9663180336356163,0.3283694423735142
5956,Youri Tielemans,7,630,3,2.2662510462105274,0,0.07540557533502579,7,2,3,0,M,Leicester,1,0.7439134307205677,2.870368391275406,2.1993282586336136
6854,Diogo Jota,5,212,3,1.3872399553656578,0,0.2244535405188799,10,2,0,0,F M S,Liverpool,3,1.3872399553656578,2.4890176951885223,0.8773242123425007
7700,Che Adams,8,691,3,3.389496400952339,2,1.0911040380597115,17,7,1,0,F,Southampton,3,3.389496400952339,3.6181069910526276,0.6496939603239298
111,Jannik Vestergaard,7,582,2,0.49637943506240845,0,0.6078829020261765,3,2,0,0,D S,Southampton,2,0.49637943506240845,1.2394426688551903,1.2394426688551903
318,Pierre-Emerick Aubameyang,7,627,2,1.351223062723875,1,1.1410717032849789,10,8,2,0,F,Arsenal,1,0.590054240077734,2.4979038760066032,0.8484869115054607
556,Marcus Rashford,7,630,2,1.81184202991426,3,0.6618929151445627,17,13,1,0,F M,Manchester United,2,1.81184202991426,2.8541505001485348,0.9137590490281582
592,Ross Barkley,6,395,2,1.1906758937984705,0,0.8207836449146271,14,10,0,0,M S,"Aston Villa,Chelsea",2,1.1906758937984705,2.3160448223352432,0.6741770654916763
618,Raheem Sterling,6,534,2,1.548158623278141,1,1.705512510612607,14,8,0,0,F M,Manchester City,2,1.548158623278141,4.684831142425537,2.563884750008583
702,Tammy Abraham,7,377,2,2.1985208615660667,1,0.23754149489104748,14,6,0,0,F S,Chelsea,2,2.1985208615660667,1.4703767076134682,0.04266921430826187
773,Aleksandar Mitrovic,8,656,2,3.7801507003605366,2,1.401346892118454,29,8,2,0,F S,Fulham,1,2.257813010364771,3.6096585132181644,0.47513631731271744
782,Ben Chilwell,5,450,2,0.9634217619895935,2,0.5391880609095097,6,11,1,0,D M,Chelsea,2,0.9634217619895935,1.4814372956752777,1.0283070392906666
1024,Tyrone Mings,6,540,2,0.9368733130395412,1,0.06867159157991409,6,2,2,0,D,Aston Villa,2,0.9368733130395412,1.1349584832787514,1.118539072573185
1653,Michael Keane,8,720,2,1.1978994309902191,0,0.13641569390892982,4,2,0,0,D,Everton,2,1.1978994309902191,2.6942376233637333,2.5578219182789326
2335,Pablo Fornals,8,668,2,2.1231321208178997,2,0.8920211596414447,13,6,1,0,F M,West Ham,2,2.1231321208178997,4.467905066907406,1.508082065731287
3428,Hélder Costa,8,632,2,0.40806394815444946,2,0.48946942016482353,8,6,0,0,M,Leeds,2,0.40806394815444946,2.6070208624005318,1.9781903959810734
4381,Mateusz Klich,8,701,2,0.9173274952918291,3,1.1019840128719807,6,14,3,0,M,Leeds,1,0.15615865774452686,4.387007035315037,3.443655051290989
4476,Callum Robinson,7,353,2,0.3286273144185543,0,0.15310035645961761,7,2,0,0,F S,West Bromwich Albion,2,0.3286273144185543,0.6949489936232567,0.21322131529450417
6055,Phil Foden,6,386,2,1.5610525757074356,0,0.195163793861866,11,3,0,0,M S,Manchester City,2,1.5610525757074356,2.0599120184779167,0.352518692612648
6681,Harvey Barnes,7,599,2,1.8387244492769241,1,0.09286501072347164,18,3,0,0,F M,Leicester,2,1.8387244492769241,1.9983194917440414,0.15940069407224655
6827,Bobby Reid,7,392,2,1.577203349210322,0,0.04560814052820206,8,1,2,0,F M S,Fulham,2,1.577203349210322,2.493865662254393,0.9166624434292316
7711,David McGoldrick,8,390,2,0.8072920758277178,0,0.44098777510225773,8,2,0,0,F S,Sheffield United,2,0.8072920758277178,1.6303147450089455,0.9478021636605263
101,Allan Saint-Maximin,7,520,1,0.7037661839276552,1,1.2464683093130589,6,5,0,0,F M,Newcastle United,1,0.7037661839276552,2.708079982548952,0.8432246781885624
447,Kevin De Bruyne,5,381,1,1.6746320240199566,2,1.5169175937771797,15,18,0,0,M S,Manchester City,0,0.9134631268680096,2.909784883260727,1.2793156802654266
482,Roberto Firmino,7,577,1,1.7996694296598434,2,1.0429942086338997,11,9,1,0,F M,Liverpool,1,1.7996694296598434,5.1821311712265015,2.830046683549881
512,Scott Dann,4,360,1,0.453367218375206,0,0,2,0,0,0,D,Crystal Palace,1,0.453367218375206,0.28455330058932304,0.28455330058932304
532,Cheikhou Kouyaté,8,720,1,0.5897091627120972,0,0.02308344841003418,3,1,0,0,D,Crystal Palace,1,0.5897091627120972,1.4917379915714264,1.4686545431613922
535,Manuel Lanzini,3,30,1,0.00966605357825756,0,0.03778643533587456,1,1,1,0,S,West Ham,1,0.00966605357825756,0,0
579,Nathan Aké,4,288,1,0.40184661746025085,0,0.017229333519935608,1,1,2,0,D S,Manchester City,1,0.40184661746025085,0.9447852000594139,0.9275558665394783
638,Kyle Walker,6,529,1,0.13952277880162,0,0.10050425678491592,6,3,0,0,D,Manchester City,1,0.13952277880162,2.666242778301239,2.489349141716957
669,Ashley Westwood,7,630,1,0.10419056378304958,0,1.1103647574782372,3,8,1,0,M,Burnley,1,0.10419056378304958,1.9038895517587662,1.3697915896773338
672,Jordan Ayew,6,454,1,0.8198453783988953,0,0.07098082453012466,6,1,0,0,F S,Crystal Palace,1,0.8198453783988953,1.2947342991828918,0.5196167826652527
725,Ola Aina,5,450,1,0.03686605021357536,0,0.1434213649481535,1,3,0,0,D,Fulham,1,0.03686605021357536,1.205440390855074,1.1685743406414986
750,Riyad Mahrez,5,433,1,0.9030987173318863,1,0.8973493315279484,15,9,0,0,F M,Manchester City,1,0.9030987173318863,3.4225245118141174,2.389413744211197
775,Andros Townsend,8,687,1,0.5872096624225378,2,1.6555019095540047,8,11,0,0,M,Crystal Palace,1,0.5872096624225378,2.8636204078793526,1.3382032960653305
833,Virgil van Dijk,5,370,1,0.5533826053142548,0,0,4,0,1,0,D,Liverpool,1,0.5533826053142548,1.4130011945962906,1.2918415814638138
842,Oriol Romeu,8,687,1,0.21405843645334244,0,0.23606001958251,7,6,3,0,M,Southampton,1,0.21405843645334244,2.3142571970820427,2.081017427146435
964,Kyle Bartley,4,360,1,0.5151028633117676,0,0,1,0,0,0,D,West Bromwich Albion,1,0.5151028633117676,0.20601963251829147,0.20601963251829147
1234,Dennis Praet,6,426,1,0.29332757741212845,1,0.7270690724253654,5,4,0,0,M,Leicester,1,0.29332757741212845,1.233782047405839,0.9627146292477846
1687,Harry Maguire,7,630,1,0.43162486143410206,0,0.08616532199084759,11,2,2,0,D,Manchester United,1,0.43162486143410206,2.244679629802704,2.171362027525902
1688,Andrew Robertson,7,630,1,0.9382260162383318,2,1.303898774087429,6,10,0,0,D,Liverpool,1,0.9382260162383318,3.6451978385448456,1.9990619495511055
1746,Jeff Hendrick,8,679,1,0.3619119096547365,1,0.7870321273803711,7,1,0,0,M,Newcastle United,1,0.3619119096547365,1.914191860705614,0.8261509500443935
2251,Gareth Bale,2,32,1,0.7272437810897827,0,0.6383098363876343,4,2,0,0,S,Tottenham,1,0.7272437810897827,0.6265394687652588,0.2929183840751648
2381,Rodrigo,6,320,1,1.2216201201081276,0,0.38075245916843414,13,6,0,0,M S,Leeds,1,1.2216201201081276,1.949715219438076,1.2517203222960234
3288,Thiago Silva,5,435,1,0.601676344871521,0,0.059103842824697495,2,1,0,0,D,Chelsea,1,0.601676344871521,1.5688917879015207,1.5688917879015207
3293,Lucas Moura,6,344,1,0.8460060954093933,0,0.15011977776885033,5,2,0,0,F M S,Tottenham,1,0.8460060954093933,1.8234848119318485,0.8540714979171753
3294,Edinson Cavani,3,50,1,0.5843555927276611,0,0,3,0,0,0,S,Manchester United,1,0.5843555927276611,0.5421853959560394,0
3491,Romain Saiss,6,519,1,0.4559383224695921,0,0.3386978209018707,4,1,0,0,D M,Wolverhampton Wanderers,1,0.4559383224695921,1.0354093611240387,0.40667929500341415
3600,Serge Aurier,2,180,1,0.4603444039821625,1,0.7415898442268372,3,2,0,0,D,Tottenham,1,0.4603444039821625,1.4063169360160828,0.46185387670993805
4456,Chris Wood,7,625,1,1.8960303775966167,0,0.04523156210780144,13,1,0,0,F,Burnley,1,1.8960303775966167,2.2107824236154556,0.26952046528458595
5220,Kai Havertz,7,561,1,0.7148860339075327,1,0.5479235798120499,6,8,1,0,F M,Chelsea,1,0.7148860339075327,2.9648445770144463,1.9490444734692574
5543,Gabriel Jesus,1,90,1,0.23593679070472717,0,0.24416884779930115,3,1,1,0,F,Manchester City,1,0.23593679070472717,1.0407638549804688,0.5606581568717957
5556,Ademola Lookman,5,383,1,1.4351495951414108,0,0.37809162959456444,14,9,1,0,F M S,Fulham,1,0.6739807277917862,2.871470272541046,1.9752995818853378
5584,Aaron Wan-Bissaka,6,540,1,0.13602694869041443,0,0.04714088514447212,2,2,0,0,D,Manchester United,1,0.13602694869041443,0.6578611247241497,0.47469327971339226
5609,Yves Bissouma,7,630,1,0.4054624494165182,0,0.018893089145421982,14,1,2,1,M,Brighton,1,0.4054624494165182,1.8893773946911097,1.6690657623112202
5613,Gabriel,6,540,1,0.7665101587772369,0,0,5,0,1,0,D,Arsenal,1,0.7665101587772369,1.34494823589921,1.34494823589921
5656,Nicolas Pepe,6,197,1,0.33848069980740547,0,0.07018397003412247,5,1,0,0,F S,Arsenal,1,0.33848069980740547,0.5990227423608303,0.36798104643821716
5962,Tanguy NDombele Alvaro,7,369,1,0.5061023738235235,0,0.1347375214099884,4,2,2,0,M S,Tottenham,1,0.5061023738235235,2.5152733251452446,1.9666216000914574
6026,Richarlison,5,384,1,2.667716583237052,2,1.0768876178190112,16,4,1,1,F,Everton,0,1.9065477456897497,3.489486128091812,0.876866552978754
6027,Jairo Riedewald,6,363,1,0.33911940455436707,0,0.1507517322897911,1,2,0,0,M S,Crystal Palace,1,0.33911940455436707,1.0128882974386215,0.5628431290388107
6049,Solly March,7,583,1,1.0158931724727154,1,0.782368766143918,6,10,0,0,M,Brighton,1,1.0158931724727154,2.7513766027987003,1.0549451652914286
6063,Jacob Murphy,4,273,1,0.16897087544202805,0,0.05567648261785507,4,1,1,0,D S,Newcastle United,1,0.16897087544202805,0.07068309746682644,0.05567648261785507
6144,Sébastien Haller,7,211,1,0.4515557289123535,0,0.15497230365872383,6,2,0,0,F S,West Ham,1,0.4515557289123535,0.26301316916942596,0.07881771586835384
6157,Timothy Castagne,6,540,1,0.6386942118406296,2,0.7428794074803591,2,5,1,0,D M,Leicester,1,0.6386942118406296,1.8810895550996065,1.2083810418844223
6382,Pedro Neto,7,580,1,0.5034325905144215,2,1.506714042276144,12,14,0,0,F M,Wolverhampton Wanderers,1,0.5034325905144215,2.6474135294556618,1.3074614778161049
6456,Callum Hudson-Odoi,4,148,1,0.17305747047066689,0,0.4831446073949337,4,5,0,0,M S,Chelsea,1,0.17305747047066689,0.7784568965435028,0.46928191278129816
6482,Eddie Nketiah,7,115,1,0.6309009306132793,0,0,2,0,0,0,F S,Arsenal,1,0.6309009306132793,0.6773496381938457,0.046448688954114914
6521,Yerry Mina,7,630,1,0.5750916507095098,0,0,3,0,1,0,D,Everton,1,0.5750916507095098,1.8737111240625381,1.8612570315599442
6651,Grady Diangana,7,574,1,0.5260527692735195,0,0.09041122905910015,9,4,0,0,M,West Bromwich Albion,1,0.5260527692735195,0.8387507349252701,0.4740029647946358
6674,Rayan Ait Nouri,1,90,1,0.07777535915374756,0,0,2,0,0,0,M,Wolverhampton Wanderers,1,0.07777535915374756,0.31616920232772827,0.27014434337615967
6818,James Maddison,6,194,1,0.19110802561044693,0,0.16658084839582443,6,3,1,0,M S,Leicester,1,0.19110802561044693,0.9313508607447147,0.8237912878394127
6835,Tom Cairney,7,630,1,0.33576859813183546,0,0.5067173801362514,8,15,2,0,M,Fulham,1,0.33576859813183546,2.6722279638051987,2.3459609150886536
6892,Fabián Balbuena,6,540,1,0.22444050759077072,0,0,4,0,1,0,D,West Ham,1,0.22444050759077072,0.2946092188358307,0.2946092188358307
6893,Stuart Armstrong,6,518,1,0.5555326715111732,2,0.43357652239501476,9,7,0,0,M,Southampton,1,0.5555326715111732,1.4595085382461548,0.7217783704400063
7063,Bernard,3,162,1,0.07622557133436203,0,0.26667107455432415,2,5,1,0,F S,Everton,1,0.07622557133436203,0.5870660543441772,0.2924884334206581
7153,Matheus Pereira,7,582,1,0.5004951637238264,2,0.4923120941966772,12,10,0,0,M,West Bromwich Albion,1,0.5004951637238264,0.795204883441329,0.3410555347800255
7322,Bukayo Saka,5,425,1,1.3094350099563599,0,0.22400562185794115,12,3,0,0,F M,Arsenal,1,1.3094350099563599,2.4650187753140926,1.1682297177612782
7390,Karlan Grant,3,250,1,0.21270731836557388,0,0.14918647333979607,4,2,0,0,F,West Bromwich Albion,1,0.21270731836557388,0.2850082814693451,0.09901395440101624
7698,Leandro Trossard,7,597,1,1.3300457913428545,1,1.6230096332728863,16,12,1,0,F M,Brighton,1,1.3300457913428545,2.696824036538601,1.102305632084608
7701,Moussa Djenepo,5,310,1,0.2505314350128174,0,0.11713394522666931,5,1,1,0,M S,Southampton,1,0.2505314350128174,1.3689018413424492,1.020827330648899
7712,Billy Sharp,4,124,1,1.4454707354307175,0,0,3,0,0,0,F S,Sheffield United,0,0.6843018978834152,0.7390252500772476,0.0547233521938324
7721,Conor Hourihane,2,147,1,0.4241124987602234,1,0.9191879034042358,3,5,0,0,M,Aston Villa,1,0.4241124987602234,0.5333448797464371,0.05572666600346565
7723,John McGinn,6,540,1,0.2092153588309884,4,1.4223957061767578,8,11,3,0,M,Aston Villa,1,0.2092153588309884,2.9358086735010147,1.484925664961338
7726,Ezri Konsa Ngoyo,6,540,1,0.4609285295009613,0,0,3,0,0,0,D,Aston Villa,1,0.4609285295009613,0.5481054559350014,0.5481054559350014
7753,James Justin,7,630,1,0.1500699818134308,0,0.17036427557468414,2,3,1,0,D M,Leicester,1,0.1500699818134308,1.7330524921417236,1.5657183229923248
7768,Mason Mount,7,541,1,0.7792063616216183,1,1.1562556475400925,16,11,0,0,F M S,Chelsea,1,0.7792063616216183,1.9550803005695343,1.1307553891092539
7991,Aaron Connolly,6,295,1,0.5869272574782372,1,0.10952901840209961,6,3,0,0,F S,Brighton,1,0.5869272574782372,0.6948071382939816,0.031005606055259705
8067,Reece James,7,541,1,0.1743212193250656,1,0.9663016572594643,6,9,1,0,D M S,Chelsea,1,0.1743212193250656,2.261671118438244,2.0738873332738876
8226,Tariq Lamptey,8,644,1,0.7030039094388485,1,0.5910012722015381,6,7,2,0,D M,Brighton,1,0.7030039094388485,3.556347645819187,2.7602721750736237
8285,Sander Berge,8,643,1,1.039835574105382,1,1.049392819404602,7,9,3,0,M S,Sheffield United,0,0.2786667514592409,1.7436153702437878,1.1282331310212612
8288,Tomas Soucek,8,720,1,2.101478025317192,0,0.34041366539895535,18,5,1,0,M,West Ham,1,2.101478025317192,3.0611382871866226,1.1886519826948643
8291,Daniel Podence,6,452,1,1.1948107481002808,2,0.7550658509135246,10,6,0,0,F M,Wolverhampton Wanderers,1,1.1948107481002808,2.463409148156643,0.8634526208043098
8379,Alexis Mac Allister,3,37,1,0.05224207788705826,0,0,1,0,0,0,S,Brighton,1,0.05224207788705826,0.05224207788705826,0
8481,Jimmy Dunne,2,180,1,0.22237548604607582,0,0.10200031474232674,3,2,0,0,D,Burnley,1,0.22237548604607582,0.10443910025060177,0.043035658076405525
8706,Eberechi Eze,7,313,1,0.961464636027813,1,0.30102165415883064,7,4,0,0,M S,Crystal Palace,1,0.961464636027813,1.2409292347729206,0.2779839560389519
8718,Stuart Dallas,8,712,1,0.9730006251484156,0,0.3072105161845684,7,3,2,0,D M,Leeds,1,0.9730006251484156,3.7264645621180534,3.368690513074398
8720,Jack Harrison,7,624,1,0.41220883280038834,2,2.294727921485901,8,18,0,0,M,Leeds,1,0.41220883280038834,4.393395897001028,2.039344534277916
8821,Donny van de Beek,5,65,1,0.28271791338920593,0,0.0460856556892395,1,1,0,0,S,Manchester United,1,0.28271791338920593,0.6322868950664997,0.3034832999110222
8992,Hakim Ziyech,4,188,1,0.13197383657097816,3,2.251051813364029,4,8,0,0,F S,Chelsea,1,0.13197383657097816,1.2232523560523987,0.28004977852106094
76,Fabian Schär,5,367,0,0.023183558136224747,0,0,1,0,0,0,D S,Newcastle United,0,0.023183558136224747,0.1860298253595829,0.16284626349806786
87,Joelinton,7,303,0,0.09585683234035969,0,0.15230456367135048,3,3,2,0,F M S,Newcastle United,0,0.09585683234035969,0.6926805898547173,0.44451919943094254
181,Bernd Leno,7,630,0,0,0,0,0,0,0,0,GK,Arsenal,0,0,0.8804288506507874,0.8804288506507874
200,Andreas Christensen,4,315,0,0.045277103781700134,0,0,1,0,1,1,D,Chelsea,0,0.045277103781700134,1.3784126043319702,1.3784126043319702
204,Granit Xhaka,6,413,0,0.26606587693095207,0,0.08170896768569946,5,1,1,0,D M S,Arsenal,0,0.26606587693095207,2.9579185843467712,2.900694489479065
229,Thiago Alcántara,2,133,0,0.0776442252099514,0,0.21188020706176758,3,3,0,0,M S,Liverpool,0,0.0776442252099514,1.0123679041862488,0.8945311009883881
239,Pascal Groß,7,241,0,0.24377112090587616,1,0.39573086705058813,5,8,0,0,M S,Brighton,0,0.24377112090587616,1.1556018367409706,0.8914248496294022
314,Ilkay Gündogan,3,119,0,0.08916252851486206,0,0.15136267617344856,2,2,0,0,M S,Manchester City,0,0.08916252851486206,0.318895548582077,0.10742375999689102
332,Joel Matip,2,91,0,0.08634794503450394,0,0,1,0,0,0,D S,Liverpool,0,0.08634794503450394,0.9308730959892273,0.9308730959892273
342,Sead Kolasinac,1,90,0,0,0,0,0,0,0,0,D,Arsenal,0,0,0.42935803532600403,0.42935803532600403
343,Pierre-Emile Højbjerg,7,630,0,0.03351501375436783,1,0.7287896275520325,2,5,1,0,M,Tottenham,0,0.03351501375436783,3.8721147775650024,3.505307227373123
461,Matt Ritchie,1,72,0,0.03661158308386803,0,0.04364866390824318,1,1,0,0,D,Newcastle United,0,0.03661158308386803,0.09053761512041092,0.053926028311252594
485,Mamadou Sakho,4,274,0,0.0188349187374115,0,0,1,0,0,0,D S,Crystal Palace,0,0.0188349187374115,0.5140529274940491,0.5140529274940491
486,Adam Lallana,8,471,0,0.23421945795416832,0,1.0566173940896988,5,9,0,0,M S,Brighton,0,0.23421945795416832,2.526881068944931,1.3504007309675217
489,James Milner,5,59,0,0,0,0.019440678879618645,0,1,0,0,S,Liverpool,0,0,0.5979260876774788,0.5979260876774788
492,Héctor Bellerín,7,630,0,0.06472476571798325,2,0.6254728026688099,1,4,3,0,D M,Arsenal,0,0.06472476571798325,2.15602495893836,1.984766360372305
496,Mohamed Elneny,4,360,0,0.1434297375380993,0,0.054610803723335266,2,1,0,0,M,Arsenal,0,0.1434297375380993,1.7657561227679253,1.5677155815064907
500,Alex Iwobi,7,171,0,0.05344681441783905,1,0.6595174297690392,1,3,0,0,F S,Everton,0,0.05344681441783905,1.3287104964256287,0.6157463099807501
501,Danny Welbeck,2,99,0,0.4399665892124176,0,0.49416688084602356,4,3,0,0,F S,Brighton,0,0.4399665892124176,0.9341334700584412,0
502,Olivier Giroud,3,28,0,0,0,0,0,0,0,0,S,Chelsea,0,0,0.059130746871232986,0.059130746871232986
503,Theo Walcott,4,279,0,0.3357948586344719,2,0.33150940388441086,7,6,0,0,F M S,"Everton,Southampton",0,0.3357948586344719,0.7609488889575005,0.1304558664560318
510,Joel Ward,5,450,0,0,0,0.012522825039923191,0,1,2,0,D,Crystal Palace,0,0,0.540371797978878,0.540371797978878
527,Adrián,2,180,0,0,0,0,0,0,0,0,GK,Liverpool,0,0,0.3626532182097435,0.3626532182097435
528,Angelo Ogbonna,8,693,0,0.13582557532936335,0,0.14660999178886414,3,1,2,0,D,West Ham,0,0.13582557532936335,0.9438963532447815,0.9438963532447815
533,Mark Noble,3,70,0,0,0,0.01188643742352724,0,1,0,0,M S,West Ham,0,0,0.22685986757278442,0.22685986757278442
534,Aaron Cresswell,8,720,0,0.22402427718043327,3,1.453040363267064,3,17,0,0,D,West Ham,0,0.22402427718043327,2.776127714663744,2.1509785279631615
537,Andy Carroll,6,164,0,0.2582079414278269,0,0.02349383942782879,5,1,0,0,F S,Newcastle United,0,0.2582079414278269,0.38214075844734907,0.13510008435696363
545,Kieran Gibbs,2,135,0,0,0,0.018616270273923874,0,1,0,1,D,West Bromwich Albion,0,0,0.30512529611587524,0.28650902956724167
546,David de Gea,7,630,0,0,0,0,0,0,0,0,GK,Manchester United,0,0,0.09414176642894745,0.09414176642894745
549,Timothy Fosu-Mensah,1,85,0,0.015449298545718193,0,0.30515241622924805,1,2,1,0,D,Manchester United,0,0.015449298545718193,0.4019051194190979,0.3608218729496002
553,Anthony Martial,4,293,0,0.3661124147474766,0,0,3,0,0,1,F,Manchester United,0,0.3661124147474766,0.2952143996953964,0.2811627872288227
554,Juan Mata,3,235,0,0.17761727795004845,1,0.19342739880084991,3,6,0,0,M,Manchester United,0,0.17761727795004845,0.8040975481271744,0.5964869614690542
573,Odion Ighalo,1,5,0,0,0,0,0,0,0,0,S,Manchester United,0,0,0,0
585,Seamus Coleman,6,450,0,0.04070584662258625,1,0.5829970985651016,2,3,0,0,D,Everton,0,0.04070584662258625,2.373678967356682,2.296406302601099
586,John Stones,1,90,0,0,0,0,0,0,0,0,D,Manchester City,0,0,0,0
589,James McCarthy,5,335,0,0.012277675792574883,0,0.016179664060473442,1,1,1,0,M S,Crystal Palace,0,0.012277675792574883,0.8561866134405136,0.8561866134405136
603,Nathaniel Clyne,3,253,0,0.03140290826559067,0,0.036821018904447556,1,1,0,0,D,Crystal Palace,0,0.03140290826559067,0.6028684824705124,0.5714655667543411
605,Jordan Henderson,5,385,0,0.5053066052496433,0,0.4396929983049631,6,4,0,0,M,Liverpool,0,0.5053066052496433,3.60735160112381,3.2176021337509155
606,Christian Benteke,4,12,0,0,0,0,0,0,0,0,S,Crystal Palace,0,0,0,0
614,Fernandinho,4,154,0,0.49067822843790054,0,0,4,0,0,0,M S,Manchester City,0,0.49067822843790054,0.7412513867020607,0.7049412503838539
619,Sergio Agüero,2,113,0,0.04538629576563835,0,0.7107192277908325,1,3,0,0,F,Manchester City,0,0.04538629576563835,0.9011620879173279,0.47545456886291504
620,Kelechi Iheanacho,3,103,0,0.11031043902039528,0,0.3915495425462723,2,3,0,0,F S,Leicester,0,0.11031043902039528,0.5018599629402161,0
624,Willy Caballero,1,90,0,0,0,0,0,0,0,0,GK,Chelsea,0,0,0.14356312155723572,0.14356312155723572
633,James McArthur,6,523,0,0.08643903583288193,0,0.5640776008367538,2,4,2,0,M,Crystal Palace,0,0.08643903583288193,1.1094272062182426,0.5252367854118347
635,Alex McCarthy,8,720,0,0,0,0,0,0,0,0,GK,Southampton,0,0,0.938517339527607,0.938517339527607
637,Hugo Lloris,7,630,0,0,0,0,0,0,0,0,GK,Tottenham,0,0,0.9575159568339586,0.9575159568339586
639,Toby Alderweireld,4,360,0,0,0,0.18203779309988022,0,2,0,0,D,Tottenham,0,0,0.8862114101648331,0.8862114101648331
643,Eric Dier,6,540,0,0.38236626982688904,0,0,1,0,0,0,D,Tottenham,0,0.38236626982688904,1.3657934740185738,1.3657934740185738
644,Erik Lamela,5,188,0,0.5957515016198158,0,0.0793723315000534,8,2,1,0,F M S,Tottenham,0,0.5957515016198158,1.1562599688768387,0.717145211994648
645,Dele Alli,2,64,0,0.23423461616039276,0,0.033409710973501205,2,1,0,0,M S,Tottenham,0,0.23423461616039276,0.5377846956253052,0.3720432221889496
660,Ben Davies,6,375,0,0.0732225775718689,0,0.07410842180252075,1,2,0,0,D S,Tottenham,0,0.0732225775718689,1.2041133791208267,1.164360836148262
661,Josh Onomah,2,136,0,0,0,0,0,0,0,0,M,Fulham,0,0,0.061870550736784935,0.061870550736784935
681,César Azpilicueta,5,313,0,0.06197366490960121,1,0.03255231212824583,2,2,1,0,D S,Chelsea,0,0.06197366490960121,1.0570411160588264,0.9828644320368767
682,Branislav Ivanovic,3,270,0,0.3610883355140686,0,0.048929497599601746,3,1,0,0,D,West Bromwich Albion,0,0.3610883355140686,0.25433648377656937,0.25433648377656937
688,Ruben Loftus-Cheek,4,231,0,0.0891550537198782,0,0.020141568034887314,3,1,1,0,F M S,"Chelsea,Fulham",0,0.0891550537198782,0.18936231546103954,0.17499580048024654
695,Bertrand Traoré,5,61,0,0.1526058427989483,0,0,3,0,0,0,M S,Aston Villa,0,0.1526058427989483,0.32817840948700905,0.22738493233919144
697,Nemanja Matic,4,168,0,0.043925367295742035,0,0.06060520652681589,2,2,1,0,M S,Manchester United,0,0.043925367295742035,0.7615935206413269,0.6706308294087648
699,Gary Cahill,1,90,0,0,0,0,0,0,0,0,D,Crystal Palace,0,0,0,0
700,Willian,6,457,0,0.8407944105565548,2,1.0873473286628723,3,7,0,0,F,Arsenal,0,0.8407944105565548,2.326705776154995,1.1350656412541866
703,Fikayo Tomori,1,43,0,0,0,0,0,0,0,0,S,Chelsea,0,0,0.08979473263025284,0.08979473263025284
706,Lukasz Fabianski,8,720,0,0,0,0,0,0,0,0,GK,West Ham,0,0,0.11967554409056902,0.11967554409056902
708,Federico Fernández,8,720,0,0,0,0.049395130947232246,0,2,1,0,D,Newcastle United,0,0,0.40343846939504147,0.40343846939504147
714,Gylfi Sigurdsson,8,378,0,0.3274588417261839,1,0.7063962444663048,7,6,0,0,M S,Everton,0,0.3274588417261839,1.2748420853167772,0.8172373399138451
730,Patrick van Aanholt,3,197,0,0.6078524589538574,0,0.1799477394670248,5,2,1,0,D S,Crystal Palace,0,0.6078524589538574,0.8680736497044563,0.14118258655071259
741,Jordan Pickford,7,630,0,0,0,0.021773621439933777,0,1,0,0,GK,Everton,0,0,0.9610286951065063,0.9392550736665726
745,Kasper Schmeichel,7,630,0,0,0,0,0,0,0,0,GK,Leicester,0,0,1.4210543483495712,1.4210543483495712
748,Wes Morgan,2,5,0,0,0,0,0,0,0,0,S,Leicester,0,0,0,0
749,Christian Fuchs,3,190,0,0,0,0,0,0,1,0,D S,Leicester,0,0,1.068318784236908,1.068318784236908
751,N&#039;Golo Kanté,8,714,0,0.07459268346428871,1,0.28890671767294407,2,2,1,0,M,Chelsea,0,0.07459268346428871,2.748637594282627,2.4155950024724007
753,Marc Albrighton,4,120,0,0,0,0.373577356338501,0,2,0,0,M S,Leicester,0,0,0.373577356338501,0
757,Jeffrey Schlupp,6,412,0,0.19764718040823936,1,0.9310951232910156,4,5,1,0,M S,Crystal Palace,0,0.19764718040823936,2.229027599096298,1.7288382574915886
759,Daniel Amartey,2,146,0,0,0,0,0,0,1,0,D,Leicester,0,0,0.44324490427970886,0.44324490427970886
766,Jamaal Lascelles,7,629,0,0.12232562713325024,0,0,3,0,1,0,D,Newcastle United,0,0.12232562713325024,0.48175277560949326,0.48175277560949326
769,Jonjo Shelvey,5,437,0,0.43028416857123375,0,0.5004184767603874,8,6,2,0,M,Newcastle United,0,0.43028416857123375,1.038075715303421,0.6588786765933037
770,Ayoze Pérez,4,287,0,0.3524164482951164,0,0.12497258186340332,5,2,1,0,F M,Leicester,0,0.3524164482951164,1.124941572546959,0.8305388242006302
771,Georginio Wijnaldum,7,541,0,1.3213175646960735,0,0.7328929267823696,9,4,0,0,M S,Liverpool,0,1.3213175646960735,3.219874754548073,1.7819357886910439
772,Moussa Sissoko,5,404,0,0,0,0.10652586445212364,0,2,0,0,M S,Tottenham,0,0,1.451514800079167,1.451514800079167
780,Karl Darlow,8,720,0,0,0,0,0,0,0,0,GK,Newcastle United,0,0,0.870568186044693,0.870568186044693
789,Robbie Brady,4,164,0,0.17315927147865295,0,0,2,0,0,0,M S,Burnley,0,0.17315927147865295,0.10007673874497414,0.03719380870461464
790,Nathan Redmond,5,308,0,0.37718589790165424,0,0.1440177597105503,6,2,0,0,M S,Southampton,0,0.37718589790165424,0.8548739887773991,0.3562905564904213
807,Jonny Evans,4,350,0,0,0,0,0,0,3,0,D,Leicester,0,0,0.07102583348751068,0.07102583348751068
835,Ryan Bertrand,7,620,0,0.06482653319835663,0,0.5071718655526638,1,7,1,0,D,Southampton,0,0.06482653319835663,1.7531437873840332,1.53913099411875
839,Shane Long,6,22,0,0.043368175625801086,0,0,1,0,0,0,S,Southampton,0,0.043368175625801086,0.039601054042577744,0.039601054042577744
844,Jay Rodriguez,5,149,0,0.11879787035286427,0,0.4193241484463215,3,2,1,0,F S,Burnley,0,0.11879787035286427,0.5116555411368608,0
857,Phil Bardsley,3,270,0,0.06341451406478882,0,0,3,0,2,0,D,Burnley,0,0.06341451406478882,0.1266939826309681,0.10160527005791664
876,Fabian Delph,3,151,0,0.014957983046770096,0,0.028502553701400757,1,1,0,0,M S,Everton,0,0.014957983046770096,0.4203451871871948,0.37688466906547546
884,Matt Targett,6,540,0,0.1761269047856331,0,0.17307038605213165,3,4,2,0,D,Aston Villa,0,0.1761269047856331,1.327497087419033,1.1949474513530731
885,Kyle Walker-Peters,8,720,0,0.21237952262163162,1,0.47635651752352715,4,3,3,0,D,Southampton,0,0.21237952262163162,2.1000835224986076,1.658994235098362
887,Erik Pieters,2,141,0,0.06186991557478905,0,0,1,0,0,0,D S,Burnley,0,0.06186991557478905,0.0869586244225502,0.0869586244225502
888,Xherdan Shaqiri,1,18,0,0,1,0.38926634192466736,0,1,0,0,S,Liverpool,0,0,0.4364539086818695,0.04718758910894394
900,Adama Traoré,7,307,0,0.24862369894981384,0,0.3114286884665489,4,5,0,0,D F M S,Wolverhampton Wanderers,0,0.24862369894981384,0.7376541420817375,0.2144061028957367
910,Harrison Reed,5,304,0,0.03609403967857361,1,0.6126911621540785,2,4,1,0,M S,Fulham,0,0.03609403967857361,0.9469147399067879,0.8503843676298857
934,Axel Tuanzebe,1,19,0,0,0,0,0,0,0,0,S,Manchester United,0,0,0.07169459760189056,0.07169459760189056
971,Harry Winks,4,255,0,0,0,0.0205964595079422,0,1,1,0,M S,Tottenham,0,0,1.5003297626972198,1.479733258485794
978,Sam Johnstone,7,630,0,0,0,0,0,0,0,0,GK,West Bromwich Albion,0,0,0.04052318260073662,0.04052318260073662
985,Mason Holgate,1,90,0,0,0,0,0,0,1,0,D,Everton,0,0,0.18416407704353333,0.18416407704353333
987,Joseph Gomez,6,504,0,0,0,0.06542927026748657,0,1,0,0,D S,Liverpool,0,0,2.0854201316833496,2.019990861415863
1006,Luke Shaw,7,611,0,0.04656786099076271,1,0.4433191157877445,1,6,2,0,D,Manchester United,0,0.04656786099076271,1.2239158265292645,0.9137230850756168
1013,Sam Field,3,56,0,0,0,0,0,0,0,0,S,West Bromwich Albion,0,0,0,0
1014,Tyler Roberts,6,211,0,0.06987313367426395,0,0.5860185846686363,2,2,0,0,F M S,Leeds,0,0.06987313367426395,1.1048930920660496,0.5272998418658972
1017,Matej Vydra,5,123,0,0.3144465610384941,0,0.3053257428109646,4,2,0,0,F S,Burnley,0,0.3144465610384941,0.6816422194242477,0.06186991557478905
1042,Tom Davies,3,92,0,0,0,0,0,0,0,0,M S,Everton,0,0,0.10444408655166626,0.10444408655166626
1053,Keinan Davis,1,24,0,0,0,0.025605756789445877,0,1,0,0,S,Aston Villa,0,0,0.14269530773162842,0.14269530773162842
1084,Jonjoe Kenny,1,78,0,0,0,0,0,0,0,0,D,Everton,0,0,0.24064451456069946,0.24064451456069946
1208,Felipe Anderson,2,2,0,0,0,0,0,0,0,0,S,West Ham,0,0,0.05036865919828415,0.05036865919828415
1257,Alisson,5,450,0,0,0,0,0,0,0,0,GK,Liverpool,0,0,0.6251003872603178,0.6251003872603178
1299,Mario Lemina,4,152,0,0.023645693436264992,0,0.020453471690416336,1,1,0,0,M S,Fulham,0,0.023645693436264992,0.23018508777022362,0.18608592078089714
1304,Moise Kean,2,10,0,0.02234572172164917,0,0,1,0,0,0,S,Everton,0,0.02234572172164917,0.02234572172164917,0
1379,Allan,7,630,0,0.027992095798254013,0,0.06602059863507748,2,3,3,0,M,Everton,0,0.027992095798254013,2.520409792661667,2.4554101675748825
1545,Emil Krafth,2,180,0,0,0,0.084439467638731,0,2,1,0,D,Newcastle United,0,0,1.0327484011650085,0.9483089633285999
1621,Marcos Alonso,3,228,0,0.07554475963115692,0,0.019392126705497503,2,2,1,0,D,Chelsea,0,0.07554475963115692,0.3126493915915489,0.28257375583052635
1652,Matthew Lowton,3,270,0,0.014498330652713776,0,0.3239760398864746,1,1,0,0,D,Burnley,0,0.014498330652713776,0.4765646755695343,0.13809028267860413
1654,Ben Mee,1,90,0,0.07444126158952713,0,0,1,0,0,0,D,Burnley,0,0.07444126158952713,0,0
1663,Johann Berg Gudmundsson,3,175,0,0.08861548453569412,0,0.10262608528137207,3,1,0,0,M S,Burnley,0,0.08861548453569412,0.13251584768295288,0.08215422928333282
1665,James Tarkowski,5,450,0,0.7855677865445614,0,0.16127709299325943,5,2,1,0,D,Burnley,0,0.7855677865445614,0.1914277896285057,0.1914277896285057
1676,David Luiz,5,322,0,0.08108850568532944,0,0,2,0,0,0,D S,Arsenal,0,0.08108850568532944,0.7419462278485298,0.7419462278485298
1678,Michy Batshuayi,5,276,0,0.4152924418449402,1,0.7474531531333923,5,1,0,0,F S,Crystal Palace,0,0.4152924418449402,1.2802222073078156,0.8649297058582306
1682,Islam Slimani,1,17,0,0.10036919265985489,0,0.07683446258306503,1,1,0,0,S,Leicester,0,0.10036919265985489,0.17720365524291992,0
1683,Ryan Fraser,5,180,0,0.02544359490275383,0,0,1,0,0,0,M S,Newcastle United,0,0.02544359490275383,0.07934101298451424,0.053897418081760406
1685,Ahmed Elmohamady,2,29,0,0,0,0.045103128999471664,0,1,0,0,S,Aston Villa,0,0,0.05820625368505716,0.05820625368505716
1689,Jake Livermore,7,572,0,0.1552111804485321,0,0.13877588510513306,2,3,2,0,M,West Bromwich Albion,0,0.1552111804485321,0.45242596976459026,0.30472114868462086
1691,Robert Snodgrass,1,1,0,0,0,0,0,0,0,0,S,West Ham,0,0,0,0
1699,Shkodran Mustafi,2,42,0,0,0,0,0,0,0,0,S,Arsenal,0,0,0.06472476571798325,0.06472476571798325
1719,Javier Manquillo,4,301,0,0.023161858320236206,0,0.03938620537519455,1,1,1,0,D S,Newcastle United,0,0.023161858320236206,0.3257373087108135,0.26318925246596336
1726,Abdoulaye Doucouré,8,658,0,0.501471258699894,1,1.075171709060669,8,8,3,0,M,Everton,0,0.501471258699894,3.601759523153305,2.884805716574192
1735,Jack Stephens,4,313,0,0.08946642279624939,0,0.16044355928897858,1,2,1,0,D S,Southampton,0,0.08946642279624939,0.5595445409417152,0.4745302274823189
1736,Oliver McBurnie,8,451,0,0.9535592943429947,0,0.2295150961726904,9,5,1,0,F S,Sheffield United,0,0.9535592943429947,1.9507738649845123,0.857736311852932
1737,Matt Phillips,5,54,0,0.018212540075182915,0,0.14541804790496826,1,2,1,0,S,West Bromwich Albion,0,0.018212540075182915,0.14541804790496826,0
1738,Hal Robson-Kanu,3,80,0,0.08127648755908012,0,0.028762802481651306,3,1,0,0,S,West Bromwich Albion,0,0.08127648755908012,0.11003929376602173,0.028762802481651306
1739,Eric Bailly,2,95,0,0,0,0,0,0,1,0,D S,Manchester United,0,0,0,0
1740,Paul Pogba,7,371,0,0.15806081146001816,0,0.04921772889792919,4,2,0,0,M S,Manchester United,0,0.15806081146001816,0.9420327618718147,0.7556988224387169
1747,Kevin Long,6,540,0,0.09299547970294952,0,0.017368044704198837,1,1,2,0,D,Burnley,0,0.09299547970294952,0.42641355469822884,0.42641355469822884
1749,Rob Holding,4,360,0,0,0,0,0,0,1,0,D,Arsenal,0,0,0.7042411118745804,0.7042411118745804
1750,Ainsley Maitland-Niles,4,186,0,0.04620342329144478,0,0,1,0,0,0,M S,Arsenal,0,0.04620342329144478,0.6275815963745117,0.581378161907196
1760,Arthur Masuaku,7,630,0,0.4290256863459945,1,1.6911628395318985,6,6,1,0,D M,West Ham,0,0.4290256863459945,2.9761896058917046,1.3287903741002083
1785,Nampalys Mendy,7,620,0,0.012554878368973732,1,0.10518049448728561,1,2,2,0,M,Leicester,0,0.012554878368973732,1.036011354997754,0.9182759821414948
1791,Trent Alexander-Arnold,7,630,0,0.442498542368412,1,1.626403547823429,11,13,1,0,D,Liverpool,0,0.442498542368412,4.835914507508278,4.30236853659153
1823,Lucas Digne,7,613,0,0.1391140315681696,2,1.057229857891798,3,11,0,1,D,Everton,0,0.1391140315681696,1.9689388535916805,1.346093077212572
2164,Pablo Hernández,4,155,0,0.7301330305635929,0,0.09289492666721344,5,1,0,0,M S,Leeds,0,0.7301330305635929,1.448520615696907,0.6582984179258347
2190,Vicente Guaita,8,720,0,0,0,0,0,0,2,0,GK,Crystal Palace,0,0,0.8031520396471024,0.8031520396471024
2254,Mateo Kovacic,4,207,0,0.04955404018983245,1,0.081305131316185,2,1,0,0,M S,Chelsea,0,0.04955404018983245,1.3711001127958298,1.3215460181236267
2310,Alphonse Areola,7,630,0,0,0,0,0,0,0,0,GK,Fulham,0,0,0.9345784485340118,0.9345784485340118
2328,Thomas Partey,3,186,0,0.015543725341558456,0,0.02732781320810318,1,1,1,0,M S,Arsenal,0,0.015543725341558456,0.24441362544894218,0.20154207944869995
2379,João Cancelo,3,270,0,0.04745577648282051,1,0.7309595346450806,2,9,1,0,D M,Manchester City,0,0.04745577648282051,2.558535397052765,1.9275458455085754
2383,André Gomes,5,374,0,0.07467453181743622,0,0.09708605892956257,1,3,1,0,M,Everton,0,0.07467453181743622,1.0192211475223303,0.8474605418741703
2385,Mat Ryan,7,630,0,0,0,0,0,0,1,0,GK,Brighton,0,0,0.7660911232233047,0.7660911232233047
2446,Dani Ceballos,6,391,0,0.1316869705915451,1,1.235979862511158,1,9,1,0,M S,Arsenal,0,0.1316869705915451,2.2792858928442,2.027636334300041
2496,Rodri,6,540,0,0.10382279846817255,0,0.11898745037615299,5,5,2,0,M,Manchester City,0,0.10382279846817255,3.2423360347747803,3.069144293665886
2498,Aymeric Laporte,2,180,0,0.14257132448256016,0,0.0873722955584526,2,1,0,0,D,Manchester City,0,0.14257132448256016,1.3359061032533646,1.3359061032533646
2662,Christian Pulisic,3,177,0,0.22930411249399185,0,0.06347443163394928,5,1,0,0,M S,Chelsea,0,0.22930411249399185,0.866521880030632,0.6560221239924431
2958,Oleksandr Zinchenko,1,11,0,0,0,0,0,0,0,0,S,Manchester City,0,0,0.12230925261974335,0.12230925261974335
3203,Issa Diop,3,207,0,0,0,0,0,0,1,0,D S,West Ham,0,0,0.0291129257529974,0.0291129257529974
3304,Maxime Le Marchand,2,118,0,0.009506329894065857,0,0,1,0,2,0,D S,Fulham,0,0.009506329894065857,0.24691654741764069,0.24691654741764069
3389,Benjamin Mendy,3,252,0,0.02890380285680294,0,0.06408517062664032,1,1,2,0,D,Manchester City,0,0.02890380285680294,0.47433845698833466,0.44543465971946716
3420,Fabinho,6,480,0,0.04579477943480015,0,0.09710091166198254,2,2,1,0,D M S,Liverpool,0,0.04579477943480015,2.158806651830673,2.05896657705307
3422,João Moutinho,7,363,0,0.04521528258919716,0,0.3387257754802704,2,7,1,0,M S,Wolverhampton Wanderers,0,0.04521528258919716,0.8358128517866135,0.6732869893312454
3585,Said Benrahma,2,19,0,0.17427030205726624,1,0.37571224570274353,2,1,0,0,S,West Ham,0,0.17427030205726624,0.5784316062927246,0.028449056670069695
3635,Bernardo Silva,4,273,0,0.25306417793035507,0,0.0605582520365715,3,1,0,0,M S,Manchester City,0,0.25306417793035507,2.0123450085520744,1.6987226456403732
3683,Ivan Cavaleiro,7,431,0,0.1085791178047657,0,0.29206372890621424,5,8,1,0,F M S,Fulham,0,0.1085791178047657,0.871496245265007,0.6279316246509552
3979,Ahmed Hegazy,1,90,0,0,0,0,0,0,0,0,D,West Bromwich Albion,0,0,0.18402814865112305,0.18402814865112305
4391,Darnell Furlong,6,520,0,0.15728923864662647,1,0.7142787631601095,4,4,1,0,D,West Bromwich Albion,0,0.15728923864662647,0.6266651041805744,0.39008110016584396
4401,Emiliano Martinez,6,540,0,0,0,0,0,0,0,0,GK,Aston Villa,0,0,1.0524455942213535,1.0524455942213535
4422,Ashley Barnes,5,395,0,0.6369421929121017,0,0.21630618162453175,8,6,1,0,F,Burnley,0,0.6369421929121017,0.9374033845961094,0.307758217677474
4490,Semi Ajayi,6,540,0,0,0,0,0,0,1,0,D,West Bromwich Albion,0,0,0.14875192940235138,0.14875192940235138
4866,Aboubakar Kamara,5,221,0,0.6367536522448063,0,0.14285747706890106,3,3,1,1,F M S,Fulham,0,0.6367536522448063,0.8501993920654058,0.13358880393207073
5061,Kepa,3,270,0,0,0,0,0,0,0,0,GK,Chelsea,0,0,0.14922799170017242,0.14922799170017242
5245,Bernardo,1,21,0,0,0,0,0,0,0,0,S,Brighton,0,0,0,0
5247,Naby Keita,4,254,0,0.30018896609544754,0,0.058805402368307114,5,1,0,0,M,Liverpool,0,0.30018896609544754,2.0612418055534363,1.7022474110126495
5256,Oliver Burke,4,255,0,0.25287725031375885,0,0.14032945036888123,4,3,0,0,F S,Sheffield United,0,0.25287725031375885,0.4333517700433731,0.04014504700899124
5264,Caglar Söyüncü,4,360,0,0.10172365233302116,0,0.11173887550830841,2,2,1,0,D,Leicester,0,0.10172365233302116,0.4877230152487755,0.4877230152487755
5274,Michael Hector,3,242,0,0.08639734238386154,0,0.019498158246278763,1,1,1,0,D,Fulham,0,0.08639734238386154,0.39164063334465027,0.372142493724823
5545,Wilfred Ndidi,2,180,0,0,0,0,0,0,0,0,D,Leicester,0,0,0.5722920000553131,0.5722920000553131
5549,Luka Milivojevic,6,221,0,0.133952047675848,0,0.16030673310160637,2,3,0,1,M S,Crystal Palace,0,0.133952047675848,0.7211640179157257,0.7211640179157257
5552,Nick Pope,7,630,0,0,0,0,0,0,0,0,GK,Burnley,0,0,0.2002447545528412,0.2002447545528412
5553,Declan Rice,8,720,0,0.17329925671219826,0,0.25500980764627457,2,5,1,0,M,West Ham,0,0.17329925671219826,1.6223028246313334,1.3561549130827188
5560,Scott McTominay,6,485,0,0.1563635692000389,0,0.42977569811046124,5,8,0,0,M S,Manchester United,0,0.1563635692000389,1.4428304433822632,1.1932663433253765
5562,Rekeem Harper,1,20,0,0,0,0,0,0,0,0,S,West Bromwich Albion,0,0,0,0
5569,Rhian Brewster,4,235,0,0.5717115998268127,0,0.13209126889705658,2,2,0,0,F S,Sheffield United,0,0.5717115998268127,0.8083225823938847,0.10451967641711235
5590,Tosin Adarabioyo,4,360,0,0.061386034823954105,0,0,3,0,0,0,D,Fulham,0,0.061386034823954105,0.2745848838239908,0.2745848838239908
5595,Daniel James,3,188,0,0.2891728840768337,0,0.12383266352117062,6,3,1,0,M,Manchester United,0,0.2891728840768337,0.5454487949609756,0.1555918324738741
5603,Aaron Ramsdale,8,720,0,0,0,0.05357085168361664,0,1,0,0,GK,Sheffield United,0,0,0.6511931158602238,0.5976222716271877
5681,Giovani Lo Celso,4,152,0,0.46154330112040043,0,0.3824579268693924,7,6,1,0,M S,Tottenham,0,0.46154330112040043,1.6056257411837578,1.1922119753435254
5708,Fernando Marçal,4,119,0,0.06145016849040985,0,0.08180419355630875,1,1,1,0,D M S,Wolverhampton Wanderers,0,0.06145016849040985,0.574294850230217,0.431040495634079
5973,Kenny Tete,2,128,0,0,1,0.1905679553747177,0,4,1,0,D M,Fulham,0,0,0.2867404669523239,0.09617252461612225
6042,Jan Bednarek,8,635,0,0.23909061402082443,0,0.03677000477910042,4,1,0,0,D,Southampton,0,0.23909061402082443,1.5779818519949913,1.5412118434906006
6044,Charlie Taylor,7,630,0,0.028903814032673836,0,0.20121581107378006,1,3,1,0,D,Burnley,0,0.028903814032673836,1.2592469826340675,1.054679661989212
6048,Lewis Dunk,5,450,0,0.6411619856953621,0,0.012112163938581944,4,1,1,1,D,Brighton,0,0.6411619856953621,1.3754739500582218,1.3754739500582218
6051,Dale Stephens,3,209,0,0.05343271978199482,0,0,2,0,0,0,M,Burnley,0,0.05343271978199482,0.1550379917025566,0.10160527005791664
6054,Ederson,6,540,0,0,0,0,0,0,0,0,GK,Manchester City,0,0,1.3616021871566772,1.3616021871566772
6062,Isaac Hayden,6,418,0,0.033151800744235516,0,0.03184874262660742,2,2,2,0,D M S,Newcastle United,0,0.033151800744235516,1.2926067635416985,1.2492747530341148
6080,Victor Lindelöf,6,540,0,0.12856781482696533,0,0.08528853952884674,1,1,0,0,D,Manchester United,0,0.12856781482696533,0.9780370742082596,0.9780370742082596
6122,Douglas Luiz,6,533,0,0.13816695380955935,1,0.5296301953494549,5,4,2,0,M,Aston Villa,0,0.13816695380955935,1.3412236273288727,0.7333045601844788
6162,Cengiz Ünder,3,65,0,0,2,1.4196698665618896,0,3,0,0,S,Leicester,0,0,2.011212259531021,0.5915423631668091
6163,Nélson Semedo,5,422,0,0.42926752381026745,0,0.07034627255052328,4,3,0,0,M,Wolverhampton Wanderers,0,0.42926752381026745,1.524118896573782,1.0786306746304035
6249,Davinson Sánchez,4,360,0,0.25366877019405365,0,0,3,0,0,0,D,Tottenham,0,0.25366877019405365,0.9184555411338806,0.9184555411338806
6273,Robin Koch,8,720,0,0.4227718785405159,0,0.009182261303067207,6,1,0,0,D,Leeds,0,0.4227718785405159,3.360496800392866,3.319942258298397
6274,Andriy Yarmolenko,5,90,0,0.10629013553261757,0,0.031181126832962036,4,1,1,0,S,West Ham,0,0.10629013553261757,0.171804491430521,0.048303283751010895
6314,Joachim Andersen,2,180,0,0.01906152069568634,0,0,1,0,0,0,D,Fulham,0,0.01906152069568634,0.1980474665760994,0.1980474665760994
6369,Ethan Ampadu,4,305,0,0.03511030972003937,0,0.10734748840332031,2,1,0,0,D M S,Sheffield United,0,0.03511030972003937,0.4577108919620514,0.4577108919620514
6377,Joe Rodon,1,1,0,0,0,0,0,0,0,0,S,Tottenham,0,0,0,0
6418,Hamza Choudhury,2,11,0,0,0,0,0,0,0,0,S,Leicester,0,0,0.10036919265985489,0.10036919265985489
6424,Ben Johnson,1,40,0,0,0,0,0,0,0,0,S,West Ham,0,0,0,0
6434,Franck Zambo,8,633,0,0.40911244601011276,1,0.5627083759754896,10,7,1,0,M S,Fulham,0,0.40911244601011276,2.3120898865163326,1.5398465394973755
6441,Ferrán Torres,4,179,0,1.4401979437097907,1,0.14410474337637424,8,2,0,0,F S,Manchester City,0,1.4401979437097907,1.6237527281045914,0.058119308203458786
6477,Cenk Tosun,2,26,0,0,0,0.07407927513122559,0,1,2,0,S,Everton,0,0,0.10806649923324585,0.033987220376729965
6504,Michael Obafemi,1,12,0,0,0,0,0,0,0,0,S,Southampton,0,0,0.06713031232357025,0.06713031232357025
6665,Curtis Jones,3,120,0,0.026075469329953194,0,0.030657855793833733,1,1,0,0,M S,Liverpool,0,0.026075469329953194,0.2783316019922495,0.2215982899069786
6736,Ibrahima Diallo,3,14,0,0,0,0.037903156131505966,0,1,1,0,S,Southampton,0,0,0.05899473465979099,0.021091578528285027
6756,Dwight McNeil,7,630,0,0.0769616924226284,1,0.5097906775772572,2,8,1,0,M,Burnley,0,0.0769616924226284,0.6874371524900198,0.5040018428117037
6817,Fred,6,378,0,0.10198329016566277,0,0.6437861435115337,4,3,3,0,M S,Manchester United,0,0.10198329016566277,1.0231633260846138,0.6707451641559601
6834,Joe Bryan,5,338,0,0.08320574834942818,0,0.10450741648674011,3,2,1,0,D M S,Fulham,0,0.08320574834942818,0.5407460480928421,0.42658551037311554
6840,Neeskens Kebano,4,111,0,0.2724298546090722,0,0,6,0,0,0,M S,Fulham,0,0.2724298546090722,0.24167165253311396,0.020527511835098267
6842,Alireza Jahanbakhsh,4,27,0,0.15174398943781853,1,0.8232863545417786,2,3,1,0,S,Brighton,0,0.15174398943781853,1.0982674360275269,0.6990741491317749
6849,Rui Patrício,7,630,0,0,0,0,0,0,0,0,GK,Wolverhampton Wanderers,0,0,0.07694162428379059,0.07694162428379059
6850,Willy Boly,7,630,0,0.15846826881170273,0,0,3,0,0,0,D,Wolverhampton Wanderers,0,0.15846826881170273,0.6983122378587723,0.6983122378587723
6851,Conor Coady,7,630,0,0,0,0.051153868436813354,0,1,1,0,D,Wolverhampton Wanderers,0,0,0.5561955906450748,0.5050417222082615
6852,Matt Doherty,5,436,0,0.31473442912101746,0,0.11512204818427563,1,3,1,0,D,Tottenham,0,0.31473442912101746,2.3714744271710515,2.3358208360150456
6853,Rúben Neves,7,463,0,0.42948145419359207,0,0.2643046975135803,13,8,1,0,M S,Wolverhampton Wanderers,0,0.42948145419359207,1.4291724488139153,0.8715664371848106
6856,Rúben Vinagre,2,173,0,0,0,0,0,0,0,0,M S,Wolverhampton Wanderers,0,0,0.17874661833047867,0.17874661833047867
6880,Edouard Mendy,4,360,0,0,0,0,0,0,0,0,GK,Chelsea,0,0,0.3151578828692436,0.3151578828692436
6891,Ryan Fredericks,3,230,0,0,1,1.096431091427803,0,9,2,0,D,West Ham,0,0,0.5434847921133041,0.1352338157594204
6962,Robin Olsen,1,90,0,0,0,0,0,0,0,0,GK,Everton,0,0,0,0
7077,Denis Odoi,3,270,0,0.04002567008137703,0,0.050192393362522125,2,1,1,0,D,Fulham,0,0.04002567008137703,0.4257061406970024,0.3856804743409157
7078,Sean Longstaff,5,192,0,0.18653760105371475,0,0.10868450999259949,3,3,1,0,M S,Newcastle United,0,0.18653760105371475,0.38301848247647285,0.1964808776974678
7184,Tim Ream,5,450,0,0,0,0,0,0,0,0,D,Fulham,0,0,0.6187397316098213,0.6187397316098213
7187,Sergio Reguilón,3,270,0,0.10268111154437065,2,1.0861548483371735,3,6,1,0,D,Tottenham,0,0.10268111154437065,1.3884144723415375,0.7163809537887573
7236,Leander Dendoncker,6,460,0,0.5334200337529182,0,0.2425965927541256,5,7,0,0,M S,Wolverhampton Wanderers,0,0.5334200337529182,1.4256987534463406,0.7526030987501144
7298,Ben White,8,713,0,0.04942066967487335,0,0.06316699832677841,1,1,1,0,D M,Brighton,0,0.04942066967487335,2.3345824386924505,2.285161754116416
7332,Max Kilman,4,360,0,0,1,0.15953178703784943,0,3,0,0,D,Wolverhampton Wanderers,0,0,0.4238695241510868,0.33280256018042564
7382,Dan Burn,5,380,0,0.13285495806485415,0,0.07520990818738937,4,1,1,0,D S,Brighton,0,0.13285495806485415,0.6353759411722422,0.5456672888249159
7420,Miguel Almirón,7,388,0,0.2713216282427311,1,0.7059365175664425,3,7,1,0,M S,Newcastle United,0,0.2713216282427311,1.4476536624133587,0.6655747219920158
7490,Mason Greenwood,5,277,0,0.5923305451869965,0,0.19615313410758972,8,2,1,0,F M S,Manchester United,0,0.5923305451869965,0.7304366528987885,0.03646857291460037
7589,Wesley Fofana,3,270,0,0,0,0,0,0,1,0,D,Leicester,0,0,0.4372032731771469,0.4372032731771469
7689,Ben Godfrey,2,150,0,0,0,0.026667600497603416,0,1,0,0,D S,Everton,0,0,0.09638222120702267,0.09638222120702267
7691,Jamal Lewis,8,648,0,0,0,0.3168307766318321,0,7,3,0,D S,Newcastle United,0,0,1.5468971654772758,1.2514362782239914
7699,Adam Webster,8,720,0,0.3857515435665846,0,0.069588802754879,7,2,1,0,D,Brighton,0,0.3857515435665846,1.7864451874047518,1.7032324317842722
7703,John Egan,7,551,0,0.054193971678614616,0,0,2,0,2,1,D,Sheffield United,0,0.054193971678614616,1.2271298710256815,1.2271298710256815
7704,Chris Basham,8,665,0,0.12097656354308128,0,0.40896785259246826,2,3,0,0,D,Sheffield United,0,0.12097656354308128,1.2922606319189072,0.7623162474483252
7705,Jack O&#039;Connell,2,180,0,0,0,0,0,0,0,0,D,Sheffield United,0,0,0,0
7706,George Baldock,8,720,0,0.3139527440071106,1,1.17498292401433,6,6,1,0,D M,Sheffield United,0,0.3139527440071106,1.7584538534283638,1.3191842138767242
7707,Enda Stevens,8,720,0,0.20485377311706543,0,0.0793570876121521,6,1,1,0,D M,Sheffield United,0,0.20485377311706543,1.8990755584090948,1.761197766289115
7708,John Lundstram,8,629,0,1.3966741301119328,0,0.7341810762882233,8,11,3,0,M S,Sheffield United,0,0.6355052925646305,2.733997207134962,1.4847405180335045
7709,John Fleck,3,183,0,0.04379335045814514,0,0.09726834297180176,1,3,0,0,M S,Sheffield United,0,0.04379335045814514,0.1530655473470688,0.09985747933387756
7710,Oliver Norwood,5,281,0,0,0,0.07952231355011463,0,4,0,0,M S,Sheffield United,0,0,1.267995597794652,1.223545402288437
7714,Ben Osborn,6,348,0,0.18892309069633484,0,0.6635999213904142,3,4,0,0,M S,Sheffield United,0,0.18892309069633484,1.0220007728785276,0.7588583528995514
7722,Trézéguet,6,480,0,0.6974578015506268,1,1.563674621284008,10,7,0,0,F M S,Aston Villa,0,0.6974578015506268,2.3424622118473053,0.9125558882951736
7983,Daniel N&#039;Lundulu,1,1,0,0,0,0,0,0,0,0,S,Southampton,0,0,0,0
8016,Matthew Longstaff,1,28,0,0,0,0,0,0,0,0,S,Newcastle United,0,0,0,0
8020,Steven Alzate,5,357,0,0.16270331293344498,0,0.7968758940696716,3,7,1,0,M S,Brighton,0,0.16270331293344498,2.156951330602169,1.7628435865044594
8026,Raphinha,3,54,0,0.1490810289978981,0,0,2,0,0,0,S,Leeds,0,0.1490810289978981,0.544169008731842,0.544169008731842
8040,Marvelous Nakamba,2,8,0,0.022241635248064995,0,0,1,0,1,0,S,Aston Villa,0,0.022241635248064995,0.06734476238489151,0.045103128999471664
8045,Eric Garcia,2,180,0,0.013568151742219925,0,0.008322987705469131,1,1,0,0,D,Manchester City,0,0.013568151742219925,0.32397033274173737,0.31040216982364655
8089,Kieran Tierney,6,533,0,0.028408389538526535,0,0.2570231035351753,2,4,0,0,D M,Arsenal,0,0.028408389538526535,1.540265753865242,1.371569249778986
8109,Niels Nkounkou,1,70,0,0.016959821805357933,0,0,1,0,1,0,D,Everton,0,0.016959821805357933,0.030957642942667007,0.013997821137309074
8150,Anthony Gordon,1,31,0,0,0,0,0,0,0,0,S,Everton,0,0,0.13508430123329163,0.13508430123329163
8214,Tyrick Mitchell,6,540,0,0.11092577129602432,0,0,1,0,1,0,D,Crystal Palace,0,0.11092577129602432,1.4529134705662727,1.3419876173138618
8224,William Smallbone,2,111,0,0,0,0,0,0,0,0,M S,Southampton,0,0,0.024052973836660385,0.024052973836660385
8227,Oskar Buur,1,20,0,0,0,0,0,0,0,0,S,Wolverhampton Wanderers,0,0,0,0
8228,Nathaniel Phillips,1,90,0,0,0,0.026075469329953194,0,1,0,0,D,Liverpool,0,0,0.07326305657625198,0.04718758910894394
8239,Takumi Minamino,4,49,0,0.07247137278318405,0,0,1,0,0,0,S,Liverpool,0,0.07247137278318405,0.09191205352544785,0.019440678879618645
8286,Jack Robinson,3,252,0,0.5482074022293091,0,0,3,0,0,0,D S,Sheffield United,0,0.5482074022293091,0.5521871373057365,0.5521871373057365
8300,Steven Bergwijn,4,148,0,0.13875123113393784,0,0.17763302475214005,2,2,0,0,M S,Tottenham,0,0.13875123113393784,1.5242841765284538,1.3855328559875488
8323,Josh Brownhill,7,630,0,0.3095642328262329,0,0.4247122276574373,7,6,1,0,M,Burnley,0,0.3095642328262329,1.564671654254198,1.2204082645475864
8351,Ki-Jana Hoever,2,28,0,0,0,0.040102969855070114,0,1,0,0,S,Wolverhampton Wanderers,0,0,0.05436667427420616,0.05436667427420616
8456,Nathan Tella,3,42,0,0.024052973836660385,0,0,1,0,0,0,S,Southampton,0,0.024052973836660385,0.20925536379218102,0.18520238995552063
8562,Luke Thomas,1,90,0,0.06410790234804153,0,0,1,0,1,0,M,Leicester,0,0.06410790234804153,0.06410790234804153,0
8704,Marek Rodák,1,90,0,0,0,0,0,0,0,0,GK,Fulham,0,0,0.020527511835098267,0.020527511835098267
8715,Illan Meslier,8,720,0,0,0,0.042197324335575104,0,1,0,0,GK,Leeds,0,0,2.2377763194963336,2.195579002611339
8716,Luke Ayling,8,720,0,0.5228816941380501,0,1.3189552649855614,5,8,1,0,D,Leeds,0,0.5228816941380501,4.457697052508593,3.4843920804560184
8717,Pascal Struijk,4,260,0,0.1266293227672577,0,0.022440355271100998,1,1,1,0,D M,Leeds,0,0.1266293227672577,0.40301281958818436,0.40301281958818436
8719,Kalvin Phillips,5,450,0,0.053062308579683304,1,0.6810109131038189,2,10,2,0,M,Leeds,0,0.053062308579683304,1.0232723951339722,0.8003650233149529
8721,Jamie Shackleton,3,124,0,0,0,0.024378212168812752,0,1,0,0,M S,Leeds,0,0,1.1410966701805592,1.1410966701805592
8722,Ezgjan Alioski,6,254,0,0.4743404369801283,0,0.8410944640636444,6,4,0,0,D M S,Leeds,0,0.4743404369801283,1.5944597944617271,0.3738324176520109
8723,Ian Poveda-Ocampo,4,126,0,0.5484632253646851,0,0.08645950257778168,3,1,0,0,S,Leeds,0,0.5484632253646851,0.6632113829255104,0.02828865684568882
8756,Dara O&#039;Shea,4,360,0,0.029457706958055496,0,0.01633552275598049,1,1,0,0,D,West Bromwich Albion,0,0.029457706958055496,0.34219005331397057,0.3258545286953449
8757,Romaine Sawyers,6,344,0,0.05606544204056263,0,0.16727591305971146,2,3,1,0,M S,West Bromwich Albion,0,0.05606544204056263,0.4420313164591789,0.39415503293275833
8758,Kyle Edwards,4,109,0,0.11881578713655472,0,0.021378837525844574,2,1,0,0,M S,West Bromwich Albion,0,0.11881578713655472,0.19228214025497437,0.05208751931786537
8777,Vitinha,2,18,0,0,0,0.014263705350458622,0,1,0,0,S,Wolverhampton Wanderers,0,0,0.10632924176752567,0.09206553641706705
8778,Fabio Silva,3,38,0,0.10110302269458771,0,0.012110167182981968,2,1,0,0,S,Wolverhampton Wanderers,0,0.10110302269458771,0.1132131889462471,0.012110167182981968
8780,Joël Veltman,4,306,0,0,0,0.13665078580379486,0,3,0,0,D S,Brighton,0,0,0.6710092779248953,0.5343585070222616
8816,Liam Cooper,5,450,0,0.18649911880493164,0,0,2,0,1,0,D,Leeds,0,0.18649911880493164,2.912571981549263,2.912571981549263
8864,Matthew Cash,6,511,0,0.04971298202872276,0,0.20350390672683716,2,4,3,0,D,Aston Villa,0,0.04971298202872276,0.904802955687046,0.6770005747675896
8868,Liam Delap,1,39,0,0.06408517062664032,0,0,1,0,0,0,S,Manchester City,0,0.06408517062664032,0.06408517062664032,0
8905,Conor Townsend,5,450,0,0.05823642946779728,0,0.19040155783295631,2,3,0,0,D,West Bromwich Albion,0,0.05823642946779728,0.41001759469509125,0.21346712112426758
8918,Max Lowe,3,189,0,0.022947104647755623,0,0,1,0,0,0,D M,Sheffield United,0,0.022947104647755623,0.4758233204483986,0.4528762176632881
8919,Leif Davis,1,12,0,0,0,0,0,0,0,0,S,Leeds,0,0,0.2329990118741989,0.2329990118741989
8940,Antonee Robinson,5,450,0,0.05722904950380325,0,0.26855624467134476,1,7,0,0,D,Fulham,0,0.05722904950380325,2.177283562719822,1.9272438883781433
8941,Jacob Ramsey,1,9,0,0,0,0,0,0,0,0,S,Aston Villa,0,0,0,0
8961,Rúben Dias,4,360,0,0.08490262925624847,0,0,1,0,1,0,D,Manchester City,0,0.08490262925624847,2.165429040789604,2.165429040789604
8965,Vladimir Coufal,5,450,0,0.10235214233398438,1,0.259471882134676,1,5,2,0,D M,West Ham,0,0.10235214233398438,0.9639892578125,0.7119243144989014
8966,Filip Krovinovic,4,268,0,0.1392585039138794,0,0,4,0,0,0,M S,West Bromwich Albion,0,0.1392585039138794,0.3317294605076313,0.23161980509757996
9040,Conor Gallagher,3,270,0,0.0524396114051342,0,0.1497497446835041,2,3,1,0,M,West Bromwich Albion,0,0.0524396114051342,0.23325208574533463,0.1417628601193428
9098,Robert Sánchez,1,90,0,0,0,0,0,0,0,0,GK,Brighton,0,0,0,0
